document_id,meeting_id,legacy_document_id,document_type,title,file_url,uploaded_at
1,1,1,Minutes,Village Council Meeting Minutes - 2024-01-03,https://estero-fl.gov/wp-content/uploads/library-ada/minutes/2024%20Minutes/01032024%20minutes.pdf,
2,2,2,Minutes,Village Council Meeting Minutes - 2017-01-04,https://estero-fl.gov/wp-content/uploads/library-ada/minutes/2017%20Minutes/Council/010417%20Council%20Meeting%20Approved%20Minutes.pdf,
3,3,3,Minutes,Village Council Meeting Minutes - 2023-01-04,https://estero-fl.gov/wp-content/uploads/library-ada/minutes/2023%20MINUTES/01042023%20minutes.pdf,
4,4,4,Minutes,Village Council Meeting Minutes - 2022-01-05,https://estero-fl.gov/wp-content/uploads/library-ada/minutes/2022%20MINUTES/COUNCIL/01052022%20minutes.pdf,
5,5,5,Minutes,Village Council Meeting Minutes - 2016-01-06,https://estero-fl.gov/wp-content/uploads/library-ada/minutes/2016%20Minutes/Council/01062016%20minutes.pdf,
6,6,6,Minutes,Village Council Meeting Minutes - 2025-01-08,https://estero-fl.gov/wp-content/uploads/library-ada/minutes/2025%20Minutes/Council/01082025%20minutes.pdf,
7,7,7,Minutes,Cancelled Meeting Notice - 2024-01-09,https://raw.githubusercontent.com/EagleGIS-FGCU/EagleGIS/script/pdfs/01092024%20PZDB%20cancellation.pdf,
8,8,8,Minutes,PZ&DB Meeting Minutes - 2022-01-11,https://estero-fl.gov/wp-content/uploads/library-ada/minutes/2022%20MINUTES/PZD%20BOARD/01112022%20PZDB%20Minutes.pdf,
9,9,9,Minutes,PZ&DB Meeting Minutes - 2023-01-11,https://estero-fl.gov/wp-content/uploads/library-ada/minutes/2023%20MINUTES/PZDB/01112023%20PZDB%20Minutes.pdf,
10,10,10,Minutes,Special Meeting Minutes - 2016-01-13,https://estero-fl.gov/wp-content/uploads/library-ada/minutes/2016%20Minutes/Council/01132016%20minutes.pdf,
11,11,11,Minutes,Village Council Meeting Minutes - 2021-01-13,https://estero-fl.gov/wp-content/uploads/library-ada/minutes/2021%20Minutes/COUNCIL/01132021%20Minutes.pdf,
12,12,12,Minutes,PZ&DB Meeting Minutes - 2025-01-14,https://estero-fl.gov/wp-content/uploads/library-ada/minutes/2025%20Minutes/PZDB/01142025%20PZDB%20Minutes.pdf,
13,13,13,Minutes,PZ&DB Meeting Minutes - 2026-01-14,https://raw.githubusercontent.com/EagleGIS-FGCU/EagleGIS/script/pdfs/01142026%20PZDB%20Minutes.pdf,
14,14,14,Minutes,Village Council Meeting Minutes - 2017-01-18,https://estero-fl.gov/wp-content/uploads/library-ada/minutes/2017%20Minutes/Council/011817%20Council%20Meeting%20Approved%20Minutes.pdf,
15,15,15,Minutes,Village Council Meeting Minutes - 2022-01-19,https://estero-fl.gov/wp-content/uploads/library-ada/minutes/2022%20MINUTES/COUNCIL/01192022%20minutes.pdf,
16,16,16,Minutes,Village Council Meeting Minutes - 2016-01-20,https://estero-fl.gov/wp-content/uploads/library-ada/minutes/2016%20Minutes/Council/01202016%20minutes.pdf,
17,17,17,Minutes,Village Council Meeting Minutes - 2021-01-20,https://estero-fl.gov/wp-content/uploads/library-ada/minutes/2021%20Minutes/COUNCIL/01202021%20minutes.pdf,
18,18,18,Minutes,Village Council Meeting Minutes - 2025-01-22,https://estero-fl.gov/wp-content/uploads/library-ada/minutes/2025%20Minutes/Council/01222025%20Minutes.pdf,
19,19,19,Minutes,Village Council Meeting Minutes - 2024-01-24,https://estero-fl.gov/wp-content/uploads/library-ada/minutes/2024%20Minutes/01242024%20minutes.pdf,
20,20,20,Minutes,Village Council Meeting Minutes - 2021-01-27,https://estero-fl.gov/wp-content/uploads/library-ada/minutes/2021%20Minutes/COUNCIL/01272021%20minutes.pdf,
21,21,21,Minutes,Village Council Meeting Minutes - 2021-01-06,https://estero-fl.gov/wp-content/uploads/library-ada/minutes/2021%20Minutes/COUNCIL/0162021%20Minutes.pdf,
22,22,22,Minutes,Village Council Meeting Minutes - 2017-02-01,https://estero-fl.gov/wp-content/uploads/library-ada/minutes/2017%20Minutes/Council/020117%20Council%20Meeting%20%20Approved%20Minutes.pdf,
23,23,23,Minutes,Village Council Meeting Minutes - 2023-02-01,https://estero-fl.gov/wp-content/uploads/library-ada/minutes/2023%20MINUTES/02012023%20minutes.pdf,
24,24,24,Minutes,Village Council Meeting Minutes - 2022-02-02,https://estero-fl.gov/wp-content/uploads/library-ada/minutes/2022%20MINUTES/COUNCIL/02022022%20minutes.pdf,
25,25,25,Minutes,Village Council Meeting Minutes - 2025-02-05,https://estero-fl.gov/wp-content/uploads/library-ada/minutes/2025%20Minutes/Council/02052025.pdf,
26,26,26,Minutes,Village Council Meeting Minutes - 2024-02-07,https://estero-fl.gov/wp-content/uploads/library-ada/minutes/2024%20Minutes/02072024%20minutes.pdf,
27,27,27,Minutes,Cancelled Meeting Notice - 2022-02-08,https://raw.githubusercontent.com/EagleGIS-FGCU/EagleGIS/script/pdfs/02082022%20PZDB%20cancellation.pdf,
28,28,28,Minutes,Village Council Meeting Minutes - 2016-02-10,https://estero-fl.gov/wp-content/uploads/library-ada/minutes/2016%20Minutes/Council/021016%20Council%20Regular%20Meeting%20Approved%20Minutes.pdf,
29,29,29,Minutes,PZ&DB Meeting Minutes - 2026-02-10,https://estero-fl.gov/wp-content/uploads/library-ada/minutes/2026%20Minutes/PZDB/02102026%20PZDB%20Minutes.pdf,
30,30,30,Minutes,PZ&DB Meeting Minutes - 2025-02-11,https://estero-fl.gov/wp-content/uploads/library-ada/minutes/2025%20Minutes/PZDB/02112025%20PZDB%20Minutes.pdf,
31,31,31,Minutes,PZ&DB Meeting Minutes - 2024-02-13,https://estero-fl.gov/wp-content/uploads/library-ada/minutes/2024%20Minutes/PZDB/02132024%20PZDB%20Minutes.pdf,
32,32,32,Minutes,Village Council Meeting Minutes - 2017-02-15,https://estero-fl.gov/wp-content/uploads/library-ada/minutes/2017%20Minutes/Council/021517%20Council%20Meeting%20%20Approved%20Minutes.pdf,
33,33,33,Minutes,Village Council Meeting Minutes - 2023-02-15,https://estero-fl.gov/wp-content/uploads/library-ada/minutes/2023%20MINUTES/02152023%20minutes.pdf,
34,34,34,Minutes,Village Council Meeting Minutes - 2022-02-16,https://estero-fl.gov/wp-content/uploads/library-ada/minutes/2022%20MINUTES/COUNCIL/02162022%20minutes.pdf,
35,35,35,Minutes,Village Council Meeting Minutes - 2025-02-19,https://estero-fl.gov/wp-content/uploads/library-ada/minutes/2025%20Minutes/Council/02192025.pdf,
36,36,36,Minutes,PZ&DB Meeting Minutes - 2023-02-21,https://estero-fl.gov/wp-content/uploads/library-ada/minutes/2023%20MINUTES/PZDB/02212023%20PZDB%20Minutes.pdf,
37,37,37,Minutes,Village Council Meeting Minutes - 2024-02-21,https://estero-fl.gov/wp-content/uploads/library-ada/minutes/2024%20Minutes/02212024%20minutes.pdf,
38,38,38,Minutes,Village Council Workshop Minutes - 2017-02-22,https://estero-fl.gov/wp-content/uploads/library-ada/minutes/2017%20Minutes/Council/022217%20Council%20Workshop%20Minutes.pdf,
39,39,39,Minutes,Village Council Meeting Minutes - 2016-02-24,https://estero-fl.gov/wp-content/uploads/library-ada/minutes/2016%20Minutes/Council/02242016%20minutes.pdf,
40,40,40,Minutes,Village Council Meeting Minutes - 2021-02-24,https://estero-fl.gov/wp-content/uploads/library-ada/minutes/2021%20Minutes/COUNCIL/02242021%20minutes.pdf,
41,41,41,Minutes,Joint Workshop Minutes - 2017-02-28,https://estero-fl.gov/wp-content/uploads/library-ada/minutes/2017%20Minutes/Council/022817%20Joint%20Workshop%20with%20Bonita%20Springs%20City%20Council%20Approved%20Minutes.pdf,
42,42,42,Minutes,Village Council Meeting Minutes - 2021-02-03,https://estero-fl.gov/wp-content/uploads/library-ada/minutes/2021%20Minutes/COUNCIL/0232021%20minutes.pdf,
43,43,43,Minutes,Village Council Meeting Minutes - 2017-03-01,https://estero-fl.gov/wp-content/uploads/library-ada/minutes/2017%20Minutes/Council/030117%20Council%20Meeting%20Approved%20Minutes.pdf,
44,44,44,Minutes,Village Council Meeting Minutes - 2023-03-01,https://estero-fl.gov/wp-content/uploads/library-ada/minutes/2023%20MINUTES/03012023%20minutes.pdf,
45,45,45,Minutes,Village Council Workshop Minutes - 2016-03-02,https://estero-fl.gov/wp-content/uploads/library-ada/minutes/2016%20Minutes/Council/030216%20Council%20Workshop%20Approved%20Minutes.pdf,
46,46,46,Minutes,Village Council Meeting Minutes - 2022-03-02,https://estero-fl.gov/wp-content/uploads/library-ada/minutes/2022%20MINUTES/COUNCIL/03022022%20minutes.pdf,
47,47,47,Minutes,Village Council Meeting Minutes - 2021-03-03,https://estero-fl.gov/wp-content/uploads/library-ada/minutes/2021%20Minutes/COUNCIL/03032021%20minutes.pdf,
48,48,48,Minutes,Village Council Meeting Minutes - 2024-03-06,https://estero-fl.gov/wp-content/uploads/library-ada/minutes/2024%20Minutes/03062024%20minutes.pdf,
49,49,49,Minutes,PZ&DB Meeting Minutes - 2022-03-08,https://estero-fl.gov/wp-content/uploads/library-ada/minutes/2022%20MINUTES/PZD%20BOARD/03082022%20PZDB%20Minutes.pdf,
50,50,50,Minutes,Zoning Hearing Minutes - 2016-03-09,https://estero-fl.gov/wp-content/uploads/library-ada/minutes/2016%20Minutes/Council/030916%20Zoning%20Hearing%20Approved%20Minutes.pdf,
51,51,51,Minutes,Village Council Workshop Minutes - 2017-03-09,https://estero-fl.gov/wp-content/uploads/library-ada/minutes/2017%20Minutes/Council/030917%20Council%20Workshop%20Approved%20Minutes.pdf,
52,52,52,Minutes,PZ&DB Meeting Minutes - 2026-03-10,https://estero-fl.gov/wp-content/uploads/library-ada/minutes/2026%20Minutes/PZDB/03102026%20PZDB%20Minutes.pdf,
53,53,53,Minutes,PZ&DB Meeting Minutes - 2025-03-11,https://estero-fl.gov/wp-content/uploads/library-ada/minutes/2025%20Minutes/PZDB/03112025%20PZDB%20Minutes.pdf,
54,54,54,Minutes,PZ&DB Meeting Minutes - 2024-03-12,https://estero-fl.gov/wp-content/uploads/library-ada/minutes/2024%20Minutes/PZDB/03122024%20PZDB%20Minutes.pdf,
55,55,55,Minutes,Village Council Workshop Minutes - 2024-03-13,https://estero-fl.gov/wp-content/uploads/library-ada/minutes/2024%20Minutes/03132024%20minutes.pdf,
56,56,56,Minutes,PZ&DB Meeting Minutes - 2023-03-14,https://estero-fl.gov/wp-content/uploads/library-ada/minutes/2023%20MINUTES/PZDB/03142023%20PZDB%20Minutes.pdf,
57,57,57,Minutes,Village Council Meeting Minutes - 2017-03-15,https://estero-fl.gov/wp-content/uploads/library-ada/minutes/2017%20Minutes/Council/031517%20Council%20Meeting%20Approved%20Minutes.pdf,
58,58,58,Minutes,Village Council Meeting Minutes - 2016-03-16,https://estero-fl.gov/wp-content/uploads/library-ada/minutes/2016%20Minutes/Council/031616%20Council%20Meeting%20Approved%20Minutes.pdf,
59,59,59,Minutes,Village Council Meeting Minutes - 2022-03-16,https://estero-fl.gov/wp-content/uploads/library-ada/minutes/2022%20MINUTES/COUNCIL/03162022%20minutes.pdf,
60,60,60,Minutes,Village Council Meeting Minutes - 2015-03-17,https://estero-fl.gov/wp-content/uploads/library-ada/minutes/2015%20Minutes/Council/031715%20Regular%20Meeting%20Minutes.pdf,
61,61,61,Minutes,Village Council Meeting Minutes - 2021-03-17,https://estero-fl.gov/wp-content/uploads/library-ada/minutes/2021%20Minutes/COUNCIL/03172021%20minutes.pdf,
62,62,62,Minutes,Village Council Meeting Minutes - 2025-03-19,https://estero-fl.gov/wp-content/uploads/library-ada/minutes/2025%20Minutes/Council/03192025.pdf,
63,63,63,Minutes,Village Council Meeting Minutes - 2015-03-20,https://estero-fl.gov/wp-content/uploads/library-ada/minutes/2015%20Minutes/Council/032015%20Workshop%20Minutes.pdf,
64,64,64,Minutes,Village Council Meeting Minutes - 2024-03-20,https://estero-fl.gov/wp-content/uploads/library-ada/minutes/2024%20Minutes/03202024%20minutes.pdf,
65,65,65,Minutes,Village Council Meeting Minutes - 2016-03-23,https://estero-fl.gov/wp-content/uploads/library-ada/minutes/2016%20Minutes/Council/032316%20Council%20Meeting%20Approved%20Minutes.pdf,
66,66,66,Minutes,Village Council Meeting Minutes - 2021-03-24,https://estero-fl.gov/wp-content/uploads/library-ada/minutes/2021%20Minutes/COUNCIL/03242021%20minutes.pdf,
67,67,67,Minutes,Village Council Meeting Minutes - 2015-03-27,https://estero-fl.gov/wp-content/uploads/library-ada/minutes/2015%20Minutes/Council/03272015%20minutes.pdf,
68,68,68,Minutes,Village Council Meeting Minutes - 2016-03-30,https://estero-fl.gov/wp-content/uploads/library-ada/minutes/2016%20Minutes/Council/033016%20Council%20Meeting%20Approved%20Minutes.pdf,
69,69,69,Minutes,Village Council Meeting Minutes - 2025-04-02,https://estero-fl.gov/wp-content/uploads/library-ada/minutes/2025%20Minutes/Council/04022025.pdf,
70,70,70,Minutes,Village Council Meeting Minutes - 2024-04-03,https://estero-fl.gov/wp-content/uploads/library-ada/minutes/2024%20Minutes/04032024%20minutes.pdf,
71,71,71,Minutes,Village Council Meeting Minutes - 2017-04-05,https://estero-fl.gov/wp-content/uploads/library-ada/minutes/2017%20Minutes/Council/040517%20Council%20Meeting%20Approved%20Minutes.pdf,
72,72,72,Minutes,Village Council Meeting Minutes - 2023-04-05,https://estero-fl.gov/wp-content/uploads/library-ada/minutes/2023%20MINUTES/04052023%20minutes.pdf,
73,73,73,Minutes,Village Council Meeting Minutes - 2015-04-06,https://estero-fl.gov/wp-content/uploads/library-ada/minutes/2015%20Minutes/Council/040615%20Regular%20Meeting%20Minutes.pdf,
74,74,74,Minutes,Village Council Meeting Minutes - 2016-04-06,https://estero-fl.gov/wp-content/uploads/library-ada/minutes/2016%20Minutes/Council/040616%20Council%20Meeting%20Approved%20Minutes.pdf,
75,75,75,Minutes,Village Council Meeting Minutes - 2022-04-06,https://estero-fl.gov/wp-content/uploads/library-ada/minutes/2022%20MINUTES/COUNCIL/04062022%20minutes.pdf,
76,76,76,Minutes,Village Council Meeting Minutes - 2015-04-07,https://estero-fl.gov/wp-content/uploads/library-ada/minutes/2015%20Minutes/Council/040715%20Workshop%20Minutes.pdf,
77,77,77,Minutes,Village Council Meeting Minutes - 2021-04-07,https://estero-fl.gov/wp-content/uploads/library-ada/minutes/2021%20Minutes/COUNCIL/04072021%20minutes.pdf,
78,78,78,Minutes,PZ&DB Meeting Minutes - 2025-04-08,https://estero-fl.gov/wp-content/uploads/library-ada/minutes/2025%20Minutes/PZDB/04082025%20PZDB%20Minutes.pdf,
79,79,79,Minutes,PZ&DB Meeting Minutes - 2024-04-09,https://estero-fl.gov/wp-content/uploads/library-ada/minutes/2024%20Minutes/PZDB/04092024%20PZDB%20Minutes.pdf,
80,80,80,Minutes,Village Council Meeting Minutes - 2015-04-10,https://estero-fl.gov/wp-content/uploads/library-ada/minutes/2015%20Minutes/Council/041015%20Workshop%20Minutes.pdf,
81,81,81,Minutes,PZ&DB Meeting Minutes - 2023-04-11,https://estero-fl.gov/wp-content/uploads/library-ada/minutes/2023%20MINUTES/PZDB/04112023%20PZDB%20Minutes.pdf,
82,82,82,Minutes,PZ&DB Meeting Minutes - 2022-04-12,https://estero-fl.gov/wp-content/uploads/library-ada/minutes/2022%20MINUTES/PZD%20BOARD/04122022%20PZDB%20Minutes.pdf,
83,83,83,Minutes,Village Council Meeting Minutes - 2022-04-13,https://estero-fl.gov/wp-content/uploads/library-ada/minutes/2022%20MINUTES/COUNCIL/04132022%20minutes.pdf,
84,84,84,Minutes,Village Council Meeting Minutes - 2025-04-16,https://estero-fl.gov/wp-content/uploads/library-ada/minutes/2025%20Minutes/Council/04162025.pdf,
85,85,85,Minutes,Village Council Meeting Minutes - 2015-04-17,https://estero-fl.gov/wp-content/uploads/library-ada/minutes/2015%20Minutes/Council/04172015%20minutes.pdf,
86,86,86,Minutes,Village Council Meeting Minutes - 2024-04-17,https://estero-fl.gov/wp-content/uploads/library-ada/minutes/2024%20Minutes/04172024%20minutes.pdf,
87,87,87,Minutes,Village Council Meeting Minutes - 2017-04-19,https://estero-fl.gov/wp-content/uploads/library-ada/minutes/2017%20Minutes/Council/041917%20Council%20Meeting%20Approved%20Minutes.pdf,
88,88,88,Minutes,Village Council Meeting Minutes - 2023-04-19,https://estero-fl.gov/wp-content/uploads/library-ada/minutes/2023%20MINUTES/04192023%20%20minutes.pdf,
89,89,89,Minutes,Village Council Meeting Minutes - 2016-04-20,https://estero-fl.gov/wp-content/uploads/library-ada/minutes/2016%20Minutes/Council/042016%20Council%20Meeting%20Approved%20Minutes.pdf,
90,90,90,Minutes,PZ&DB Meeting Minutes - 2021-04-20,https://estero-fl.gov/wp-content/uploads/library-ada/minutes/2021%20Minutes/PZDB%20Minutes/04202021%20PZDB%20Minutes.pdf,
91,91,91,Minutes,Village Council Meeting Minutes - 2022-04-20,https://estero-fl.gov/wp-content/uploads/library-ada/minutes/2022%20MINUTES/COUNCIL/04202022%20minutes.pdf,
92,92,92,Minutes,Village Council Meeting Minutes - 2021-04-21,https://estero-fl.gov/wp-content/uploads/library-ada/minutes/2021%20Minutes/COUNCIL/04212021%20minutes.pdf,
93,93,93,Minutes,Organizational Meeting Minutes - 2017-04-24,https://estero-fl.gov/wp-content/uploads/library-ada/minutes/2017%20Minutes/Council/042417%20Council%20Organizational%20Business%20Meeting%20Approved%20Minutes.pdf,
94,94,94,Minutes,Village Council Meeting Minutes - 2015-04-24,https://estero-fl.gov/wp-content/uploads/library-ada/minutes/2015%20Minutes/Council/04242015%20minutes.pdf,
95,95,95,Minutes,Village Council Meeting Minutes - 2024-05-01,https://estero-fl.gov/wp-content/uploads/library-ada/minutes/2024%20Minutes/05012024%20minutes.pdf,
96,96,96,Minutes,Village Council Meeting Minutes - 2017-05-03,https://estero-fl.gov/wp-content/uploads/library-ada/minutes/2017%20Minutes/Council/050317%20Council%20Meeting%20Approved%20Minutes.pdf,
97,97,97,Minutes,Village Council Meeting Minutes - 2023-05-03,https://estero-fl.gov/wp-content/uploads/library-ada/minutes/2023%20MINUTES/05032023%20minutes.pdf,
98,98,98,Minutes,Village Council Meeting Minutes - 2016-05-04,https://estero-fl.gov/wp-content/uploads/library-ada/minutes/2016%20Minutes/Council/050416%20Council%20Meeting%20Approved%20Minutes.pdf,
99,99,99,Minutes,Village Council Meeting Minutes - 2022-05-04,https://estero-fl.gov/wp-content/uploads/library-ada/minutes/2022%20MINUTES/COUNCIL/05042022%20minutes.pdf,
100,100,100,Minutes,Village Council Meeting Minutes - 2021-05-05,https://estero-fl.gov/wp-content/uploads/library-ada/minutes/2021%20Minutes/COUNCIL/05052021%20minutes.pdf,
101,101,101,Minutes,Village Council Meeting Minutes - 2025-05-07,https://estero-fl.gov/wp-content/uploads/library-ada/minutes/2025%20Minutes/Council/05072025.pdf,
102,102,102,Minutes,Village Council Meeting Minutes - 2015-05-08,https://estero-fl.gov/wp-content/uploads/library-ada/minutes/2015%20Minutes/Council/05082015%20minutes.pdf,
103,103,103,Minutes,PZ&DB Meeting Minutes - 2023-05-09,https://estero-fl.gov/wp-content/uploads/library-ada/minutes/2023%20MINUTES/PZDB/05092023%20PZDB%20Minutes.pdf,
104,104,104,Minutes,PZ&DB Meeting Minutes - 2022-05-10,https://estero-fl.gov/wp-content/uploads/library-ada/minutes/2022%20MINUTES/PZD%20BOARD/05102022%20PZDB%20Minutes.pdf,
105,105,105,Minutes,PZ&DB Meeting Minutes - 2021-05-11,https://estero-fl.gov/wp-content/uploads/library-ada/minutes/2021%20Minutes/PZDB%20Minutes/05112021%20PZDB%20Minutes.pdf,
106,106,106,Minutes,PZ&DB Meeting Minutes - 2025-05-13,https://estero-fl.gov/wp-content/uploads/library-ada/minutes/2025%20Minutes/PZDB/05132025%20PZDB%20Minutes.pdf,
107,107,107,Minutes,PZ&DB Meeting Minutes - 2024-05-14,https://estero-fl.gov/wp-content/uploads/library-ada/minutes/2024%20Minutes/PZDB/05142024%20PZDB%20Minutes.pdf,
108,108,108,Minutes,Village Council Meeting Minutes - 2017-05-15,https://estero-fl.gov/wp-content/uploads/library-ada/minutes/2017%20Minutes/Council/051517%20Council%20Meeting%20Approved%20Minutes.pdf,
109,109,109,Minutes,Village Council Meeting Minutes - 2015-05-15,https://estero-fl.gov/wp-content/uploads/library-ada/minutes/2015%20Minutes/Council/05152015%20minutes.pdf,
110,110,110,Minutes,Village Council Meeting Minutes - 2024-05-15,https://estero-fl.gov/wp-content/uploads/library-ada/minutes/2024%20Minutes/05152024%20minutes.pdf,
111,111,111,Minutes,Village Council Meeting Minutes - 2017-05-17,https://estero-fl.gov/wp-content/uploads/library-ada/minutes/2017%20Minutes/Council/051717%20Council%20Meeting%20Approved%20Minutes.pdf,
112,112,112,Minutes,Village Council Meeting Minutes - 2023-05-17,https://estero-fl.gov/wp-content/uploads/library-ada/minutes/2023%20MINUTES/05172023%20%20minutes.pdf,
113,113,113,Minutes,Village Council Meeting Minutes - 2016-05-18,https://estero-fl.gov/wp-content/uploads/library-ada/minutes/2016%20Minutes/Council/051816%20Council%20Meeting%20Approved%20Minutes.pdf,
114,114,114,Minutes,Village Council Meeting Minutes - 2022-05-18,https://estero-fl.gov/wp-content/uploads/library-ada/minutes/2022%20MINUTES/COUNCIL/05182022%20minutes.pdf,
115,115,115,Minutes,Village Council Meeting Minutes - 2021-05-19,https://estero-fl.gov/wp-content/uploads/library-ada/minutes/2021%20Minutes/COUNCIL/05192021%20minutes.pdf,
116,116,116,Minutes,Village Council Meeting Minutes - 2015-05-20,https://estero-fl.gov/wp-content/uploads/library-ada/minutes/2015%20Minutes/Council/052015%20Regular%20Meeting%20Minutes.pdf,
117,117,117,Minutes,Village Council Meeting Minutes - 2025-05-21,https://estero-fl.gov/wp-content/uploads/library-ada/minutes/2025%20Minutes/Council/05212025.pdf,
118,118,118,Minutes,Village Council Meeting Minutes - 2016-05-24,https://estero-fl.gov/wp-content/uploads/library-ada/minutes/2016%20Minutes/Council/052416%20Council%20Workshop%20Meeting%20Approved%20Minutes.pdf,
119,119,119,Minutes,Zoning Hearing Minutes - 2017-05-24,https://estero-fl.gov/wp-content/uploads/library-ada/minutes/2017%20Minutes/Council/052417%20Council%20Meeting%20Approved%20Minutes.pdf,
120,120,120,Minutes,Village Council Meeting Minutes - 2021-05-26,https://estero-fl.gov/wp-content/uploads/library-ada/minutes/2021%20Minutes/COUNCIL/05262021%20minutes.pdf,
121,121,121,Minutes,Village Council Meeting Minutes - 2017-05-31,https://estero-fl.gov/wp-content/uploads/library-ada/minutes/2017%20Minutes/Council/053117%20Council%20Meeting%20Approved%20Minutes.pdf,
122,122,122,Minutes,Village Council Meeting Minutes - 2016-06-01,https://estero-fl.gov/wp-content/uploads/library-ada/minutes/2016%20Minutes/Council/060116%20Council%20Meeting%20Approved%20Minutes.pdf,
123,123,123,Minutes,Village Council Meeting Minutes - 2022-06-01,https://estero-fl.gov/wp-content/uploads/library-ada/minutes/2022%20MINUTES/COUNCIL/06012022%20minutes.pdf,
124,124,124,Minutes,Village Council Meeting Minutes - 2021-06-02,https://estero-fl.gov/wp-content/uploads/library-ada/minutes/2021%20Minutes/COUNCIL/06022021%20minutes.pdf,
125,125,125,Minutes,Village Council Meeting Minutes - 2015-06-03,https://estero-fl.gov/wp-content/uploads/library-ada/minutes/2015%20Minutes/Council/060315%20Regular%20Meeting%20Approved%20Minutes.pdf,
126,126,126,Minutes,Village Council Meeting Minutes - 2025-06-04,https://estero-fl.gov/wp-content/uploads/library-ada/minutes/2025%20Minutes/Council/06042025.pdf,
127,127,127,Minutes,Village Council Meeting Minutes - 2024-06-05,https://estero-fl.gov/wp-content/uploads/library-ada/minutes/2024%20Minutes/06052024%20minutes.pdf,
128,128,128,Minutes,Village Council Meeting Minutes - 2017-06-07,https://estero-fl.gov/wp-content/uploads/library-ada/minutes/2017%20Minutes/Council/060717%20Council%20Meeting%20Approved%20Minutes.pdf,
129,129,129,Minutes,Village Council Meeting Minutes - 2023-06-07,https://estero-fl.gov/wp-content/uploads/library-ada/minutes/2023%20MINUTES/06072023%20%20minutes.pdf,
130,130,130,Minutes,Village Council Workshop Minutes - 2016-06-08,https://estero-fl.gov/wp-content/uploads/library-ada/minutes/2016%20Minutes/Council/060816%20Council%20Workshop%20Approved%20Minutes.pdf,
131,131,131,Minutes,PZ&DB Meeting Minutes - 2021-06-08,https://estero-fl.gov/wp-content/uploads/library-ada/minutes/2021%20Minutes/PZDB%20Minutes/06082021%20PZDB%20Minutes.pdf,
132,132,132,Minutes,PZ&DB Meeting Minutes - 2025-06-10,https://estero-fl.gov/wp-content/uploads/library-ada/minutes/2025%20Minutes/PZDB/06102025%20PZDB%20Minutes.pdf,
133,133,133,Minutes,PZ&DB Meeting Minutes - 2024-06-11,https://estero-fl.gov/wp-content/uploads/library-ada/minutes/2024%20Minutes/PZDB/06112024%20PZDB%20Minutes.pdf,
134,134,134,Minutes,PZ&DB Meeting Minutes - 2023-06-13,https://estero-fl.gov/wp-content/uploads/library-ada/minutes/2023%20MINUTES/PZDB/06132023%20PZDB%20Minutes.pdf,
135,135,135,Minutes,PZ&DB Meeting Minutes - 2022-06-14,https://estero-fl.gov/wp-content/uploads/library-ada/minutes/2022%20MINUTES/PZD%20BOARD/06142022%20PZDB%20Minutes.pdf,
136,136,136,Minutes,Village Council Meeting Minutes - 2022-06-15,https://estero-fl.gov/wp-content/uploads/library-ada/minutes/2022%20MINUTES/COUNCIL/06152022%20minutes.pdf,
137,137,137,Minutes,Village Council Meeting Minutes - 2021-06-16,https://estero-fl.gov/wp-content/uploads/library-ada/minutes/2021%20Minutes/COUNCIL/06162021%20minute.pdf,
138,138,138,Minutes,Village Council Meeting Minutes - 2015-06-17,https://estero-fl.gov/wp-content/uploads/library-ada/minutes/2015%20Minutes/Council/061715%20Regular%20Meeting%20Approved%20Minutes.pdf,
139,139,139,Minutes,Village Council Meeting Minutes - 2020-06-17,https://estero-fl.gov/wp-content/uploads/library-ada/minutes/2020%20Minutes/Council/061720%20Council%20Meeting%20Minutes.pdf,
140,140,140,Minutes,Village Council Meeting Minutes - 2025-06-18,https://estero-fl.gov/wp-content/uploads/library-ada/minutes/2025%20Minutes/Council/06182025.pdf,
141,141,141,Minutes,Village Council Meeting Minutes - 2024-06-19,https://estero-fl.gov/wp-content/uploads/library-ada/minutes/2024%20Minutes/06192024%20minutes.pdf,
142,142,142,Minutes,Village Council Meeting Minutes - 2017-06-21,https://estero-fl.gov/wp-content/uploads/library-ada/minutes/2017%20Minutes/Council/062117%20Council%20Meeting%20Approved%20Minutes.pdf,
143,143,143,Minutes,Village Council Meeting Minutes - 2023-06-21,https://estero-fl.gov/wp-content/uploads/library-ada/minutes/2023%20MINUTES/06212023%20%20minutes.pdf,
144,144,144,Minutes,Special Meeting Minutes - 2016-06-22,https://estero-fl.gov/wp-content/uploads/library-ada/minutes/2016%20Minutes/Council/062216%20Council%20Special%20Meeting%20Approved%20Minutes.pdf,
145,145,145,Minutes,Village Council Meeting Minutes - 2015-06-24,https://estero-fl.gov/wp-content/uploads/library-ada/minutes/2015%20Minutes/Council/062415%20Workshop%20Approved%20Minutes.pdf,
146,146,146,Minutes,Special Meeting Minutes - 2015-06-26,https://estero-fl.gov/wp-content/uploads/library-ada/minutes/2015%20Minutes/Council/062615%20Special%20Meeting%20Approved%20Minutes.pdf,
147,147,147,Minutes,Village Council Meeting Minutes - 2015-07-01,https://estero-fl.gov/wp-content/uploads/library-ada/minutes/2015%20Minutes/Council/070115%20Regular%20Meeting%20Approved%20Minutes.pdf,
148,148,148,Minutes,Village Council Meeting Minutes - 2025-07-02,https://estero-fl.gov/wp-content/uploads/library-ada/minutes/2025%20Minutes/Council/07022025.pdf,
149,149,149,Minutes,Village Council Meeting Minutes - 2024-07-03,https://estero-fl.gov/wp-content/uploads/library-ada/minutes/2024%20Minutes/07032024%20minutes.pdf,
150,150,150,Minutes,Village Council Meeting Minutes - 2023-07-05,https://estero-fl.gov/wp-content/uploads/library-ada/minutes/2023%20MINUTES/07052023%20%20minutes.pdf,
151,151,151,Minutes,Village Council Meeting Minutes - 2016-07-06,https://estero-fl.gov/wp-content/uploads/library-ada/minutes/2016%20Minutes/Council/070616%20Council%20Meeting%20Approved%20Minutes.pdf,
152,152,152,Minutes,Village Council Meeting Minutes - 2022-07-06,https://estero-fl.gov/wp-content/uploads/library-ada/minutes/2022%20MINUTES/COUNCIL/07062022%20minutes.pdf,
153,153,153,Minutes,Village Council Meeting Minutes - 2021-07-07,https://estero-fl.gov/wp-content/uploads/library-ada/minutes/2021%20Minutes/COUNCIL/07072021%20minute.pdf,
154,154,154,Minutes,Village Council Meeting Minutes - 2020-07-08,https://estero-fl.gov/wp-content/uploads/library-ada/minutes/2020%20Minutes/Council/07082020%20Council%20Meeting%20Minutes.pdf,
155,155,155,Minutes,PZ&DB Meeting Minutes - 2025-07-08,https://estero-fl.gov/wp-content/uploads/library-ada/minutes/2025%20Minutes/PZDB/07082025%20PZDB%20Minutes.pdf,
156,156,156,Minutes,PZ&DB Meeting Minutes - 2024-07-09,https://estero-fl.gov/wp-content/uploads/library-ada/minutes/2024%20Minutes/PZDB/07092024%20PZDB%20Minutes.pdf,
157,157,157,Minutes,Village Council Meeting Minutes - 2015-07-10,https://estero-fl.gov/wp-content/uploads/library-ada/minutes/2015%20Minutes/Council/071015%20Workshop%20Approved%20Minutes.pdf,
158,158,158,Minutes,PZ&DB Meeting Minutes - 2023-07-11,https://estero-fl.gov/wp-content/uploads/library-ada/minutes/2023%20MINUTES/PZDB/07112023%20PZDB%20Minutes.pdf,
159,159,159,Minutes,PZ&DB Meeting Minutes - 2022-07-12,https://estero-fl.gov/wp-content/uploads/library-ada/minutes/2022%20MINUTES/PZD%20BOARD/07122022%20PZDB%20Minutes.pdf,
160,160,160,Minutes,Village Council Meeting Minutes - 2016-07-13,https://estero-fl.gov/wp-content/uploads/library-ada/minutes/2016%20Minutes/Council/071316%20Council%20Meeting%20Approved%20Minutes.pdf,
161,161,161,Minutes,PZ&DB Meeting Minutes - 2021-07-13,https://estero-fl.gov/wp-content/uploads/library-ada/minutes/2021%20Minutes/PZDB%20Minutes/07132021%20PZDB%20Minutes.pdf,
162,162,162,Minutes,Special Meeting Minutes - 2021-07-14,https://estero-fl.gov/wp-content/uploads/library-ada/minutes/2021%20Minutes/COUNCIL/07142021%20Minutes.pdf,
163,163,163,Minutes,Village Council Meeting Minutes - 2015-07-15,https://estero-fl.gov/wp-content/uploads/library-ada/minutes/2015%20Minutes/Council/071515%20Regular%20Meeting%20Approved%20Minutes.pdf,
164,164,164,Minutes,Zoning Hearing Minutes - 2020-07-15,https://estero-fl.gov/wp-content/uploads/library-ada/minutes/2020%20Minutes/Council/07152020%20Council%20Meeting%20Minutes.pdf,
165,165,165,Minutes,Village Council Meeting Minutes - 2017-07-19,https://estero-fl.gov/wp-content/uploads/library-ada/minutes/2017%20Minutes/Council/071917%20Council%20Meeting%20Approved%20Minutes.pdf,
166,166,166,Minutes,Village Council Meeting Minutes - 2022-07-20,https://estero-fl.gov/wp-content/uploads/library-ada/minutes/2022%20MINUTES/COUNCIL/07202022%20minutes.pdf,
167,167,167,Minutes,Village Council Meeting Minutes - 2021-07-21,https://estero-fl.gov/wp-content/uploads/library-ada/minutes/2021%20Minutes/COUNCIL/07212021%20Minutes.pdf,
168,168,168,Minutes,Village Council Meeting Minutes - 2015-07-22,https://estero-fl.gov/wp-content/uploads/library-ada/minutes/2015%20Minutes/Council/072215%20Workshop%20Approved%20Minutes.pdf,
169,169,169,Minutes,Village Council Meeting Minutes - 2020-07-22,https://estero-fl.gov/wp-content/uploads/library-ada/minutes/2020%20Minutes/Council/07222020%20Council%20Meeting%20Minutes.pdf,
170,170,170,Minutes,PZ&DB Meeting Minutes - 2023-07-25,https://estero-fl.gov/wp-content/uploads/library-ada/minutes/2023%20MINUTES/PZDB/07252023%20PZDB%20Minutes.pdf,
171,171,171,Minutes,Zoning Hearing Minutes - 2017-07-26,https://estero-fl.gov/wp-content/uploads/library-ada/minutes/2017%20Minutes/Council/072617%20Zoning%20and%20DRI%20Development%20Order%20Hearing%20Approved%20Minutes.pdf,
172,172,172,Minutes,Special Meeting Minutes - 2023-07-26,https://estero-fl.gov/wp-content/uploads/library-ada/minutes/2023%20MINUTES/07262023%20minutes.pdf,
173,173,173,Minutes,Village Council Meeting Minutes - 2017-08-02,https://estero-fl.gov/wp-content/uploads/library-ada/minutes/2017%20Minutes/Council/080217%20Council%20Meeting%20Approved%20Minutes.pdf,
174,174,174,Minutes,PZ&DB Meeting Minutes - 2023-08-08,https://raw.githubusercontent.com/EagleGIS-FGCU/EagleGIS/script/pdfs/08082023%20PZDB%20Rescheduled.pdf,
175,175,175,Minutes,PZ&DB Meeting Minutes - 2022-08-09,https://estero-fl.gov/wp-content/uploads/library-ada/minutes/2022%20MINUTES/PZD%20BOARD/08092022%20PZDB%20Minutes.pdf,
176,176,176,Minutes,Village Council Meeting Minutes - 2015-08-10,https://estero-fl.gov/wp-content/uploads/library-ada/minutes/2015%20Minutes/Council/081015%20Regular%20Meeting%20Approved%20Minutes.pdf,
177,177,177,Minutes,PZ&DB Meeting Minutes - 2021-08-10,https://estero-fl.gov/wp-content/uploads/library-ada/minutes/2021%20Minutes/PZDB%20Minutes/08102021%20PZDB%20Minutes.pdf,
178,178,178,Minutes,PZ&DB Meeting Minutes - 2025-08-12,https://estero-fl.gov/wp-content/uploads/library-ada/minutes/2025%20Minutes/PZDB/08122025%20PZDB%20Minutes.pdf,
179,179,179,Minutes,Cancelled Meeting Notice - 2024-08-13,https://raw.githubusercontent.com/EagleGIS-FGCU/EagleGIS/script/pdfs/08132024%20PZDB%20cancellation.pdf,
180,180,180,Minutes,Village Council Meeting Minutes - 2016-08-17,https://estero-fl.gov/wp-content/uploads/library-ada/minutes/2016%20Minutes/Council/081716%20Council%20Meeting%20Approved%20Minutes.pdf,
181,181,181,Minutes,PZ&DB Meeting Minutes - 2023-08-22,https://estero-fl.gov/wp-content/uploads/library-ada/minutes/2023%20MINUTES/PZDB/08222023%20PZDB%20Minutes.pdf,
182,182,182,Minutes,PZ&DB Meeting Minutes - 2021-08-24,https://estero-fl.gov/wp-content/uploads/library-ada/minutes/2021%20Minutes/PZDB%20Minutes/08242021%20PZDB%20Minutes.pdf,
183,183,183,Minutes,Special Meeting Minutes - 2023-08-29,https://estero-fl.gov/wp-content/uploads/library-ada/minutes/2023%20MINUTES/08292023%20minutes.pdf,
184,184,184,Minutes,Village Council Meeting Minutes - 2016-08-31,https://estero-fl.gov/wp-content/uploads/library-ada/minutes/2016%20Minutes/Council/083116%20Council%20Meeting%20Approved%20Minutes.pdf,
185,185,185,Minutes,Village Council Meeting Minutes - 2015-09-03,https://estero-fl.gov/wp-content/uploads/library-ada/minutes/2015%20Minutes/Council/090315%20Regular%20Meeting%20Approved%20Minutes.pdf,
186,186,186,Minutes,Special Emergency Meeting Minutes - 2017-09-06,https://estero-fl.gov/wp-content/uploads/library-ada/minutes/2017%20Minutes/Council/090617%20Council%20Special%20Emergency%20Meeting%20Approved%20Minutes.pdf,
187,187,187,Minutes,Village Council Meeting Minutes - 2016-09-07,https://estero-fl.gov/wp-content/uploads/library-ada/minutes/2016%20Minutes/Council/090716%20Council%20Meeting%20Approved%20Minutes.pdf,
188,188,188,Minutes,Village Council Meeting Minutes - 2023-09-07,https://estero-fl.gov/wp-content/uploads/library-ada/minutes/2023%20MINUTES/09072023%20minutes.pdf,
189,189,189,Minutes,Village Council Meeting Minutes - 2022-09-08,https://estero-fl.gov/wp-content/uploads/library-ada/minutes/2022%20MINUTES/COUNCIL/09082022%20minutes.pdf,
190,190,190,Minutes,Village Council Meeting Minutes - 2020-09-09,https://estero-fl.gov/wp-content/uploads/library-ada/minutes/2020%20Minutes/Council/09092020%20Council%20Meeting%20Minutes.pdf,
191,191,191,Minutes,Village Council Meeting Minutes - 2021-09-09,https://estero-fl.gov/wp-content/uploads/library-ada/minutes/2021%20Minutes/COUNCIL/09092021%20Minutes.pdf,
192,192,192,Minutes,PZ&DB Meeting Minutes - 2025-09-09,https://estero-fl.gov/wp-content/uploads/library-ada/minutes/2025%20Minutes/PZDB/09092025%20PZDB%20Minutes.pdf,
193,193,193,Minutes,PZ&DB Meeting Minutes - 2024-09-10,https://estero-fl.gov/wp-content/uploads/library-ada/minutes/2024%20Minutes/PZDB/09102024%20PZDB%20Minutes.pdf,
194,194,194,Minutes,Budget Hearing Minutes - 2025-09-10,https://estero-fl.gov/wp-content/uploads/library-ada/minutes/2025%20Minutes/Council/09102025.pdf,
195,195,195,Minutes,Budget Hearing Minutes - 2024-09-11,https://estero-fl.gov/wp-content/uploads/library-ada/minutes/2024%20Minutes/09112024%20minutes.pdf,
196,196,196,Minutes,PZ&DB Meeting Minutes - 2023-09-12,https://estero-fl.gov/wp-content/uploads/library-ada/minutes/2023%20MINUTES/PZDB/09122023%20PZDB%20Minutes.pdf,
197,197,197,Minutes,PZ&DB Meeting Minutes - 2022-09-13,https://estero-fl.gov/wp-content/uploads/library-ada/minutes/2022%20MINUTES/PZD%20BOARD/09132022%20PZDB%20Minutes.pdf,
198,198,198,Minutes,PZ&DB Meeting Minutes - 2021-09-14,https://estero-fl.gov/wp-content/uploads/library-ada/minutes/2021%20Minutes/PZDB%20Minutes/09142021%20PZDB%20Minutes.pdf,
199,199,199,Minutes,Village Council Meeting Minutes - 2015-09-16,https://estero-fl.gov/wp-content/uploads/library-ada/minutes/2015%20Minutes/Council/091615%20Regular%20Meeting%20Approved%20Minutes.pdf,
200,200,200,Minutes,Village Council Meeting Minutes - 2015-09-17,https://estero-fl.gov/wp-content/uploads/library-ada/minutes/2015%20Minutes/Council/091715%20Workshop%20Approved%20Minutes.pdf,
201,201,201,Minutes,Budget Hearing Minutes - 2025-09-17,https://estero-fl.gov/wp-content/uploads/library-ada/minutes/2025%20Minutes/Council/09172025.pdf,
202,202,202,Minutes,Budget Hearing Minutes - 2024-09-18,https://estero-fl.gov/wp-content/uploads/library-ada/minutes/2024%20Minutes/09182024%20minutes.pdf,
203,203,203,Minutes,Village Council Meeting Minutes - 2017-09-20,https://estero-fl.gov/wp-content/uploads/library-ada/minutes/2017%20Minutes/Council/092017%20Council%20Meeting%20Approved%20Minutes.pdf,
204,204,204,Minutes,Village Council Meeting Minutes - 2016-09-21,https://estero-fl.gov/wp-content/uploads/library-ada/minutes/2016%20Minutes/Council/092116%20Council%20Meeting%20Approved%20Minutes.pdf,
205,205,205,Minutes,Village Council Meeting Minutes - 2022-09-21,https://estero-fl.gov/wp-content/uploads/library-ada/minutes/2022%20MINUTES/COUNCIL/09212022%20minutes.pdf,
206,206,206,Minutes,Village Council Meeting Minutes - 2021-09-22,https://estero-fl.gov/wp-content/uploads/library-ada/minutes/2021%20Minutes/COUNCIL/09222021%20minutes.pdf,
207,207,207,Minutes,Budget Hearing Minutes - 2023-09-22,https://estero-fl.gov/wp-content/uploads/library-ada/minutes/2023%20MINUTES/09222023%20minutes.pdf,
208,208,208,Minutes,Village Council Meeting Minutes - 2015-09-23,https://estero-fl.gov/wp-content/uploads/library-ada/minutes/2015%20Minutes/Council/09232015%20minutes.pdf,
209,209,209,Minutes,Village Council Meeting Minutes - 2020-09-23,https://estero-fl.gov/wp-content/uploads/library-ada/minutes/2020%20Minutes/Council/09232020%20Council%20Meeting%20Minutes.pdf,
210,210,210,Minutes,Budget Hearing Minutes - 2017-09-26,https://estero-fl.gov/wp-content/uploads/library-ada/minutes/2017%20Minutes/Council/092617%20Council%20Special%20Meeting%20Budget%20Hearing%20Approved%20Minutes.pdf,
211,211,211,Minutes,Cancelled Meeting Notice - 2022-09-27,https://raw.githubusercontent.com/EagleGIS-FGCU/EagleGIS/script/pdfs/09272022%20PZDB%20cancellation.pdf,
212,212,212,Minutes,Special Meeting Minutes - 2022-09-27,https://estero-fl.gov/wp-content/uploads/library-ada/minutes/2022%20MINUTES/COUNCIL/09272022%20minutes.pdf,
213,213,213,Minutes,PZ&DB Meeting Minutes - 2021-09-28,https://estero-fl.gov/wp-content/uploads/library-ada/minutes/2021%20Minutes/PZDB%20Minutes/09282021%20PZDB%20Minutes.pdf,
214,214,214,Minutes,Village Council Meeting Minutes - 2025-10-01,https://estero-fl.gov/wp-content/uploads/library-ada/minutes/2025%20Minutes/Council/10012025.pdf,
215,215,215,Minutes,Village Council Meeting Minutes - 2020-10-02,https://estero-fl.gov/wp-content/uploads/library-ada/minutes/2020%20Minutes/Council/10022020%20Council%20Meeting%20Minutes.pdf,
216,216,216,Minutes,Village Council Meeting Minutes - 2024-10-02,https://estero-fl.gov/wp-content/uploads/library-ada/minutes/2024%20Minutes/10022024%20minutes.pdf,
217,217,217,Minutes,Village Council Meeting Minutes - 2017-10-04,https://estero-fl.gov/wp-content/uploads/library-ada/minutes/2017%20Minutes/Council/100417%20Council%20Meeting%20Approved%20Minutes.pdf,
218,218,218,Minutes,Village Council Meeting Minutes - 2023-10-04,https://estero-fl.gov/wp-content/uploads/library-ada/minutes/2023%20MINUTES/10042023%20minutes.pdf,
219,219,219,Minutes,Village Council Meeting Minutes - 2016-10-05,https://estero-fl.gov/wp-content/uploads/library-ada/minutes/2016%20Minutes/Council/100516%20Council%20Meeting%20Approved%20Minutes.pdf,
220,220,220,Minutes,Village Council Meeting Minutes - 2015-10-07,https://estero-fl.gov/wp-content/uploads/library-ada/minutes/2015%20Minutes/Council/100715%20Regular%20Meeting%20Approved%20Minutes.pdf,
221,221,221,Minutes,Village Council Meeting Minutes - 2020-10-07,https://estero-fl.gov/wp-content/uploads/library-ada/minutes/2020%20Minutes/Council/10072020%20Council%20Meeting%20Minutes.pdf,
222,222,222,Minutes,Cancelled Meeting Notice - 2024-10-08,https://estero-fl.gov/wp-content/uploads/library-ada/minutes/2024%20Minutes/PZDB/10082024%20PZDB%20cancellation.pdf,
223,223,223,Minutes,Village Council Meeting Minutes - 2015-10-09,https://estero-fl.gov/wp-content/uploads/library-ada/minutes/2015%20Minutes/Council/100915%20Workshop%20Approved%20Minutes.pdf,
224,224,224,Minutes,PZ&DB Meeting Minutes - 2023-10-10,https://estero-fl.gov/wp-content/uploads/library-ada/minutes/2023%20MINUTES/PZDB/10102023%20PZDB%20Minutes.pdf,
225,225,225,Minutes,Cancelled Meeting Notice - 2022-10-11,https://raw.githubusercontent.com/EagleGIS-FGCU/EagleGIS/script/pdfs/10112022%20PZDB%20cancellation.pdf,
226,226,226,Minutes,PZ&DB Meeting Minutes - 2021-10-12,https://estero-fl.gov/wp-content/uploads/library-ada/minutes/2021%20Minutes/PZDB%20Minutes/10122021%20PZDB%20Minutes.pdf,
227,227,227,Minutes,PZ&DB Meeting Minutes - 2025-10-14,https://estero-fl.gov/wp-content/uploads/library-ada/minutes/2025%20Minutes/PZDB/10142025%20PZDB%20Minutes.pdf,
228,228,228,Minutes,Village Council Meeting Minutes - 2025-10-15,https://estero-fl.gov/wp-content/uploads/library-ada/minutes/2025%20Minutes/Council/10152025.pdf,
229,229,229,Minutes,Village Council Meeting Minutes - 2024-10-16,https://estero-fl.gov/wp-content/uploads/library-ada/minutes/2024%20Minutes/10162024%20%20Minutes.pdf,
230,230,230,Minutes,Village Council Meeting Minutes - 2017-10-18,https://estero-fl.gov/wp-content/uploads/library-ada/minutes/2017%20Minutes/Council/101817%20Council%20Meeting%20Approved%20Minutes.pdf,
231,231,231,Minutes,Village Council Meeting Minutes - 2023-10-18,https://estero-fl.gov/wp-content/uploads/library-ada/minutes/2023%20MINUTES/10182023%20minutes.pdf,
232,232,232,Minutes,Village Council Meeting Minutes - 2016-10-19,https://estero-fl.gov/wp-content/uploads/library-ada/minutes/2016%20Minutes/Council/101916%20Council%20Meeting%20Approved%20Minutes.pdf,
233,233,233,Minutes,Village Council Meeting Minutes - 2022-10-19,https://estero-fl.gov/wp-content/uploads/library-ada/minutes/2022%20MINUTES/COUNCIL/10192022%20minutes.pdf,
234,234,234,Minutes,Village Council Meeting Minutes - 2021-10-20,https://estero-fl.gov/wp-content/uploads/library-ada/minutes/2021%20Minutes/COUNCIL/10202021%20minutes.pdf,
235,235,235,Minutes,Village Council Meeting Minutes - 2015-10-21,https://estero-fl.gov/wp-content/uploads/library-ada/minutes/2015%20Minutes/Council/102115%20Regular%20Meeting%20Approved%20Minutes.pdf,
236,236,236,Minutes,Village Council Meeting Minutes - 2020-10-21,https://estero-fl.gov/wp-content/uploads/library-ada/minutes/2020%20Minutes/Council/10212020%20Council%20Meeting%20Minutes.pdf,
237,237,237,Minutes,Zoning Hearing and Workshop Minutes - 2017-10-25,https://estero-fl.gov/wp-content/uploads/library-ada/minutes/2017%20Minutes/Council/102517%20Council%20Zoning%20Hearing%20and%20Comp%20Plan%20Workshop%20Approved%20Minutes.pdf,
238,238,238,Minutes,PZ&DB Meeting Minutes - 2022-10-25,https://estero-fl.gov/wp-content/uploads/library-ada/minutes/2022%20MINUTES/PZD%20BOARD/10252022%20PZDB%20Minutes.pdf,
239,239,239,Minutes,Village Council Meeting Minutes - 2021-10-27,https://estero-fl.gov/wp-content/uploads/library-ada/minutes/2021%20Minutes/COUNCIL/10272021%20minutes.pdf,
240,240,240,Minutes,Village Council Meeting Minutes - 2015-10-28,https://estero-fl.gov/wp-content/uploads/library-ada/minutes/2015%20Minutes/Council/102815%20Workshop%20Approved%20Minutes.pdf,
241,241,241,Minutes,PZ&DB Meeting Minutes - 2024-10-29,https://estero-fl.gov/wp-content/uploads/library-ada/minutes/2024%20Minutes/PZDB/10292024%20PZDB%20Minutes.pdf,
242,242,242,Minutes,Village Council Meeting Minutes - 2017-11-01,https://estero-fl.gov/wp-content/uploads/library-ada/minutes/2017%20Minutes/Council/110117%20Council%20Meeting%20Approved%20Minutes.pdf,
243,243,243,Minutes,Village Council Meeting Minutes - 2023-11-01,https://estero-fl.gov/wp-content/uploads/library-ada/minutes/2023%20MINUTES/11012023%20minutes.pdf,
244,244,244,Minutes,Village Council Meeting Minutes - 2016-11-02,https://estero-fl.gov/wp-content/uploads/library-ada/minutes/2016%20Minutes/Council/110216%20Council%20Meeting%20Approved%20Minutes.pdf,
245,245,245,Minutes,Village Council Meeting Minutes - 2022-11-02,https://estero-fl.gov/wp-content/uploads/library-ada/minutes/2022%20MINUTES/COUNCIL/11022022%20minutes.pdf,
246,246,246,Minutes,Village Council Meeting Minutes - 2021-11-03,https://estero-fl.gov/wp-content/uploads/library-ada/minutes/2021%20Minutes/COUNCIL/11032021%20minutes.pdf,
247,247,247,Minutes,Village Council Meeting Minutes - 2020-11-04,https://estero-fl.gov/wp-content/uploads/library-ada/minutes/2020%20Minutes/Council/11042020%20Council%20Meeting%20Minutes.pdf,
248,248,248,Minutes,Village Council Meeting Minutes - 2025-11-05,https://estero-fl.gov/wp-content/uploads/library-ada/minutes/2025%20Minutes/Council/11052025.pdf,
249,249,249,Minutes,Village Council Meeting Minutes - 2024-11-06,https://estero-fl.gov/wp-content/uploads/library-ada/minutes/2024%20Minutes/11062024%20minutes.pdf,
250,250,250,Minutes,PZ&DB Meeting Minutes - 2022-11-08,https://estero-fl.gov/wp-content/uploads/library-ada/minutes/2022%20MINUTES/PZD%20BOARD/11082022%20PZDB%20Minutes.pdf,
251,251,251,Minutes,PZ&DB Meeting Minutes - 2021-11-09,https://estero-fl.gov/wp-content/uploads/library-ada/minutes/2021%20Minutes/PZDB%20Minutes/11092021%20PZDB%20Minutes.pdf,
252,252,252,Minutes,Village Council Meeting Minutes - 2022-11-09,https://estero-fl.gov/wp-content/uploads/library-ada/minutes/2022%20MINUTES/COUNCIL/11092022%20minutes.pdf,
253,253,253,Minutes,PZ&DB Meeting Minutes - 2024-11-12,https://estero-fl.gov/wp-content/uploads/library-ada/minutes/2024%20Minutes/PZDB/11122024%20PZDB%20Minutes.pdf,
254,254,254,Minutes,Special Meeting Minutes - 2015-11-13,https://estero-fl.gov/wp-content/uploads/library-ada/minutes/2015%20Minutes/Council/11132015%20minutes.pdf,
255,255,255,Minutes,PZ&DB Meeting Minutes - 2023-11-14,https://estero-fl.gov/wp-content/uploads/library-ada/minutes/2023%20MINUTES/PZDB/11142023%20PZDB%20Minutes.pdf,
256,256,256,Minutes,Village Council Meeting Minutes - 2017-11-15,https://estero-fl.gov/wp-content/uploads/library-ada/minutes/2017%20Minutes/Council/111517%20Council%20Meeting%20Approved%20Minutes.pdf,
257,257,257,Minutes,Village Council Meeting Minutes - 2023-11-15,https://estero-fl.gov/wp-content/uploads/library-ada/minutes/2023%20MINUTES/11152023%20minutes.pdf,
258,258,258,Minutes,Village Council Meeting Minutes - 2015-11-16,https://estero-fl.gov/wp-content/uploads/library-ada/minutes/2015%20Minutes/Council/111615%20Workshop%20Approved%20Minutes.pdf,
259,259,259,Minutes,Village Council Meeting Minutes - 2016-11-16,https://estero-fl.gov/wp-content/uploads/library-ada/minutes/2016%20Minutes/Council/111616%20Council%20Meeting%20Approved%20Minutes.pdf,
260,260,260,Minutes,Village Council Meeting Minutes - 2022-11-16,https://estero-fl.gov/wp-content/uploads/library-ada/minutes/2022%20MINUTES/COUNCIL/11162022%20minutes.pdf,
261,261,261,Minutes,Village Council Meeting Minutes - 2021-11-17,https://estero-fl.gov/wp-content/uploads/library-ada/minutes/2021%20Minutes/COUNCIL/11172021%20minutes.pdf,
262,262,262,Minutes,Village Council Meeting Minutes - 2015-11-18,https://estero-fl.gov/wp-content/uploads/library-ada/minutes/2015%20Minutes/Council/111815%20Regular%20Meeting%20Approved%20Minutes.pdf,
263,263,263,Minutes,Village Council Meeting Minutes - 2020-11-18,https://estero-fl.gov/wp-content/uploads/library-ada/minutes/2020%20Minutes/Council/11182020%20Council%20Meeting%20Minutes.pdf,
264,264,264,Minutes,PZ&DB Meeting Minutes - 2025-11-18,https://estero-fl.gov/wp-content/uploads/library-ada/minutes/2025%20Minutes/PZDB/11182025%20PZDB%20Minutes.pdf,
265,265,265,Minutes,Village Council Meeting Minutes - 2025-11-19,https://estero-fl.gov/wp-content/uploads/library-ada/minutes/2025%20Minutes/Council/11192025.pdf,
266,266,266,Minutes,Village Council Meeting Minutes - 2024-11-20,https://estero-fl.gov/wp-content/uploads/library-ada/minutes/2024%20Minutes/11202024%20minutes.pdf,
267,267,267,Minutes,Village Council Meeting Minutes - 2015-11-23,https://estero-fl.gov/wp-content/uploads/library-ada/minutes/2015%20Minutes/Council/112315%20Workshop%20Approved%20Minutes.pdf,
268,268,268,Minutes,Comprehensive Plan Workshop Minutes - 2017-11-29,https://estero-fl.gov/wp-content/uploads/library-ada/minutes/2017%20Minutes/Council/112917%20Council%20Comp%20Plan%20Workshop%20Approved%20Minutes.pdf,
269,269,269,Minutes,Village Council Meeting Minutes - 2023-01-18,https://estero-fl.gov/wp-content/uploads/library-ada/minutes/2023%20MINUTES/1182023%20minutes.pdf,
270,270,270,Minutes,Village Council Meeting Minutes - 2021-12-01,https://estero-fl.gov/wp-content/uploads/library-ada/minutes/2021%20Minutes/COUNCIL/12012021%20minutes.pdf,
271,271,271,Minutes,Village Council Meeting Minutes - 2015-12-02,https://estero-fl.gov/wp-content/uploads/library-ada/minutes/2015%20Minutes/Council/120215%20Regular%20Meeting%20Approved%20Minutes.pdf,
272,272,272,Minutes,Village Council Meeting Minutes - 2020-12-02,https://estero-fl.gov/wp-content/uploads/library-ada/minutes/2020%20Minutes/Council/12022020%20Council%20Meeting%20Minutes.pdf,
273,273,273,Minutes,Village Council Meeting Minutes - 2025-12-03,https://estero-fl.gov/wp-content/uploads/library-ada/minutes/2025%20Minutes/Council/12032025.pdf,
274,274,274,Minutes,Village Council Meeting Minutes - 2024-12-04,https://estero-fl.gov/wp-content/uploads/library-ada/minutes/2024%20Minutes/12042024%20minutes.pdf,
275,275,275,Minutes,Village Council Meeting Minutes - 2017-12-06,https://estero-fl.gov/wp-content/uploads/library-ada/minutes/2017%20Minutes/Council/120617%20Council%20Meeting%20Approved%20Minutes.pdf,
276,276,276,Minutes,Village Council Meeting Minutes - 2023-12-06,https://estero-fl.gov/wp-content/uploads/library-ada/minutes/2023%20MINUTES/12062023%20minutes.pdf,
277,277,277,Minutes,Village Council Meeting Minutes - 2016-12-07,https://estero-fl.gov/wp-content/uploads/library-ada/minutes/2016%20Minutes/Council/120716%20Council%20Meeting%20Approved%20Minutes.pdf,
278,278,278,Minutes,Village Council Meeting Minutes - 2022-12-07,https://estero-fl.gov/wp-content/uploads/library-ada/minutes/2022%20MINUTES/COUNCIL/12072022%20minutes.pdf,
279,279,279,Minutes,Village Council Meeting Minutes - 2020-12-09,https://estero-fl.gov/wp-content/uploads/library-ada/minutes/2020%20Minutes/Council/12092020%20Council%20Meeting%20Minutes.pdf,
280,280,280,Minutes,PZ&DB Meeting Minutes - 2025-12-09,https://estero-fl.gov/wp-content/uploads/library-ada/minutes/2025%20Minutes/PZDB/12092025%20PZDB%20Minutes.pdf,
281,281,281,Minutes,PZ&DB Meeting Minutes - 2024-12-10,https://estero-fl.gov/wp-content/uploads/library-ada/minutes/2024%20Minutes/PZDB/12102024%20PZDB%20Minutes.pdf,
282,282,282,Minutes,Village Council Meeting Minutes - 2015-12-11,https://estero-fl.gov/wp-content/uploads/library-ada/minutes/2015%20Minutes/Council/121115%20Workshop%20Approved%20Minutes.pdf,
283,283,283,Minutes,PZ&DB Meeting Minutes - 2023-12-12,https://estero-fl.gov/wp-content/uploads/library-ada/minutes/2023%20MINUTES/PZDB/12122023%20PZDB%20Minutes.pdf,
284,284,284,Minutes,PZ&DB Meeting Minutes - 2022-12-13,https://estero-fl.gov/wp-content/uploads/library-ada/minutes/2022%20MINUTES/PZD%20BOARD/12132022%20PZDB%20Minutes.pdf,
285,285,285,Minutes,Village Council Meeting Minutes - 2023-12-13,https://estero-fl.gov/wp-content/uploads/library-ada/minutes/2023%20MINUTES/12132023%20minutes.pdf,
286,286,286,Minutes,PZ&DB Meeting Minutes - 2021-12-14,https://estero-fl.gov/wp-content/uploads/library-ada/minutes/2021%20Minutes/PZDB%20Minutes/12142021%20PZDB%20Minutes.pdf,
287,287,287,Minutes,PZ&DB Meeting Minutes - 2026-12-15,https://raw.githubusercontent.com/EagleGIS-FGCU/EagleGIS/script/pdfs/12152026%20PZDB%20Minutes.pdf,
288,288,288,Minutes,Village Council Meeting Minutes - 2015-12-16,https://estero-fl.gov/wp-content/uploads/library-ada/minutes/2015%20Minutes/Council/121615%20Regular%20Meeting%20Approved%20Minutes.pdf,
289,289,289,Minutes,Village Council Meeting Minutes - 2025-12-17,https://estero-fl.gov/wp-content/uploads/library-ada/minutes/2025%20Minutes/Council/12172025.pdf,
290,290,290,Minutes,Village Council Meeting Minutes - 2024-12-18,https://estero-fl.gov/wp-content/uploads/library-ada/minutes/2024%20Minutes/12182024%20minutes.pdf,
291,291,291,Minutes,Village Council Meeting Minutes - 2016-12-20,https://estero-fl.gov/wp-content/uploads/library-ada/minutes/2016%20Minutes/Council/122016%20Council%20Meeting%20Approved%20Minutes.pdf,
292,292,292,Minutes,Village Council Meeting Minutes - 2020-12-30,https://estero-fl.gov/wp-content/uploads/library-ada/minutes/2020%20Minutes/Council/12302020%20Council%20Meeting%20Minutes.pdf,
293,293,293,Minutes,Village Council Meeting Minutes - 2019-01-09,https://estero-fl.gov/wp-content/uploads/library-ada/minutes/2019%20MINUTES/Council/2019-01-09%20Council%20Meeting%20Approved%20Minutes.pdf,
294,294,294,Minutes,Village Council Meeting Minutes - 2019-01-23,https://estero-fl.gov/wp-content/uploads/library-ada/minutes/2019%20MINUTES/Council/2019-01-23%20Council%20Meeting%20Approved%20Minutes.pdf,
295,295,295,Minutes,Village Council Meeting Minutes - 2019-01-30,https://estero-fl.gov/wp-content/uploads/library-ada/minutes/2019%20MINUTES/Council/2019-01-30%20Council%20Meeting%20Approved%20Minutes.pdf,
296,296,296,Minutes,Village Council Meeting Minutes - 2019-02-06,https://estero-fl.gov/wp-content/uploads/library-ada/minutes/2019%20MINUTES/Council/2019-02-06%20Council%20Meeting%20Approved%20Minutes.pdf,
297,297,297,Minutes,Village Council Meeting Minutes - 2019-02-20,https://estero-fl.gov/wp-content/uploads/library-ada/minutes/2019%20MINUTES/Council/2019-02-20%20Council%20Meeting%20Approved%20Minutes.pdf,
298,298,298,Minutes,Village Council Meeting Minutes - 2019-03-06,https://estero-fl.gov/wp-content/uploads/library-ada/minutes/2019%20MINUTES/Council/2019-03-06%20Council%20Meeting%20Approved%20Minutes.pdf,
299,299,299,Minutes,Village Council Meeting Minutes - 2019-03-20,https://estero-fl.gov/wp-content/uploads/library-ada/minutes/2019%20MINUTES/Council/2019-03-20%20Council%20Meeting%20Approved%20Minutes.pdf,
300,300,300,Minutes,Village Council Meeting Minutes - 2019-04-03,https://estero-fl.gov/wp-content/uploads/library-ada/minutes/2019%20MINUTES/Council/2019-04-03%20Council%20Meeting%20Approved%20Minutes.pdf,
301,301,301,Minutes,Village Council Meeting Minutes - 2019-04-24,https://estero-fl.gov/wp-content/uploads/library-ada/minutes/2019%20MINUTES/Council/2019-04-24%20Council%20Meeting%20Approved%20Minutes.pdf,
302,302,302,Minutes,Village Council Meeting Minutes - 2019-05-01,https://estero-fl.gov/wp-content/uploads/library-ada/minutes/2019%20MINUTES/Council/2019-05-01%20Council%20Meeting%20Approved%20Minutes.pdf,
303,303,303,Minutes,Village Council Meeting Minutes - 2019-05-15,https://estero-fl.gov/wp-content/uploads/library-ada/minutes/2019%20MINUTES/Council/2019-05-15%20Council%20Meeting%20Approved%20Minutes.pdf,
304,304,304,Minutes,Village Council Meeting Minutes - 2019-06-05,https://estero-fl.gov/wp-content/uploads/library-ada/minutes/2019%20MINUTES/Council/2019-06-05%20Council%20Meeting%20Approved%20Minutes.pdf,
305,305,305,Minutes,Village Council Meeting Minutes - 2019-06-26,https://estero-fl.gov/wp-content/uploads/library-ada/minutes/2019%20MINUTES/Council/2019-06-26%20Council%20Meeting%20Approved%20Minutes.pdf,
306,306,306,Minutes,Village Council Meeting Minutes - 2019-07-10,https://estero-fl.gov/wp-content/uploads/library-ada/minutes/2019%20MINUTES/Council/2019-07-10%20Council%20Meeting%20Approved%20Minutes.pdf,
307,307,307,Minutes,Village Council Meeting Minutes - 2019-07-24,https://estero-fl.gov/wp-content/uploads/library-ada/minutes/2019%20MINUTES/Council/2019-07-24%20Council%20Meeting%20Approved%20Minutes.pdf,
308,308,308,Minutes,Village Council Meeting Minutes - 2019-09-04,https://estero-fl.gov/wp-content/uploads/library-ada/minutes/2019%20MINUTES/Council/2019-09-04%20Council%20Meeting%20Approved%20Minutes.pdf,
309,309,309,Minutes,Village Council Meeting Minutes - 2019-09-18,https://estero-fl.gov/wp-content/uploads/library-ada/minutes/2019%20MINUTES/Council/2019-09-18%20Council%20Meeting%20Approved%20Minutes.pdf,
310,310,310,Minutes,Village Council Meeting Minutes - 2019-09-25,https://estero-fl.gov/wp-content/uploads/library-ada/minutes/2019%20MINUTES/Council/2019-09-25%20Council%20Meeting%20Approved%20Minutes.pdf,
311,311,311,Minutes,Village Council Meeting Minutes - 2019-10-02,https://estero-fl.gov/wp-content/uploads/library-ada/minutes/2019%20MINUTES/Council/201910-02%20Council%20Meeting%20Approved%20Minutes.pdf,
312,312,312,Minutes,Village Council Meeting Minutes - 2019-10-16,https://estero-fl.gov/wp-content/uploads/library-ada/minutes/2019%20MINUTES/Council/20191016%20Council%20Meeting%20Approved%20Minutes.pdf,
313,313,313,Minutes,Village Council Meeting Minutes - 2019-11-06,https://estero-fl.gov/wp-content/uploads/library-ada/minutes/2019%20MINUTES/Council/20191106%20Council%20Meeting%20Approved%20Minutes.pdf,
314,314,314,Minutes,Village Council Meeting Minutes - 2019-11-20,https://estero-fl.gov/wp-content/uploads/library-ada/minutes/2019%20MINUTES/Council/20191120%20Council%20Meeting%20Approved%20Minutes.pdf,
315,315,315,Minutes,Village Council Meeting Minutes - 2019-12-04,https://estero-fl.gov/wp-content/uploads/library-ada/minutes/2019%20MINUTES/Council/20191204%20Council%20Meeting%20Approved%20Minutes.pdf,
316,316,316,Minutes,Village Council Meeting Minutes - 2019-12-18,https://estero-fl.gov/wp-content/uploads/library-ada/minutes/2019%20MINUTES/Council/20191218%20Council%20Meeting%20Approved%20Minutes.pdf,
317,317,317,Minutes,Village Council Meeting Minutes - 2020-01-08,https://estero-fl.gov/wp-content/uploads/library-ada/minutes/2020%20Minutes/Council/2020-01-08%20Council%20Meeting%20Approved%20Minutes.pdf,
318,318,318,Minutes,Village Council Meeting Minutes - 2020-01-22,https://estero-fl.gov/wp-content/uploads/library-ada/minutes/2020%20Minutes/Council/2020-01-22%20Council%20Meeting%20Approved%20Minutes.pdf,
319,319,319,Minutes,Zoning Hearing Minutes - 2020-01-29,https://estero-fl.gov/wp-content/uploads/library-ada/minutes/2020%20Minutes/Council/2020-01-29%20Council%20Meeting%20Approved%20Minutes.pdf,
320,320,320,Minutes,Village Council Meeting Minutes - 2020-02-05,https://estero-fl.gov/wp-content/uploads/library-ada/minutes/2020%20Minutes/Council/2020-02-05%20Council%20Meeting%20Approved%20Minutes.pdf,
321,321,321,Minutes,Village Council Meeting Minutes - 2020-02-19,https://estero-fl.gov/wp-content/uploads/library-ada/minutes/2020%20Minutes/Council/2020-02-19%20Council%20Meeting%20Approved%20Minutes.pdf,
322,322,322,Minutes,Village Council Meeting Minutes - 2020-03-04,https://estero-fl.gov/wp-content/uploads/library-ada/minutes/2020%20Minutes/Council/2020-03-04%20Council%20Meeting%20Approved%20Minutes.pdf,
323,323,323,Minutes,Village Council Meeting Minutes - 2020-03-18,https://estero-fl.gov/wp-content/uploads/library-ada/minutes/2020%20Minutes/Council/2020-03-18%20Council%20Meeting%20Approved%20Minutes.pdf,
324,324,324,Minutes,Village Council Workshop Minutes - 2020-04-22,https://estero-fl.gov/wp-content/uploads/library-ada/minutes/2020%20Minutes/Council/2020-04-22%20Council%20Meeting%20Approved%20Minutes.pdf,
325,325,325,Minutes,Village Council Meeting Minutes - 2020-05-27,https://estero-fl.gov/wp-content/uploads/library-ada/minutes/2020%20Minutes/Council/2020-05-27%20Council%20Meeting%20Minutes.pdf,
326,326,326,Minutes,Village Council Meeting Minutes - 2021-02-17,https://estero-fl.gov/wp-content/uploads/library-ada/minutes/2021%20Minutes/COUNCIL/2172021%20minutes.pdf,
327,327,327,Minutes,Village Council Meeting Minutes - 2023-03-15,https://estero-fl.gov/wp-content/uploads/library-ada/minutes/2023%20MINUTES/3152023%20minutes.pdf,
328,328,328,Minutes,Cancelled Meeting Notice - 2016-02-03,https://estero-fl.gov/wp-content/uploads/library-ada/minutes/2016%20Minutes/Council/Cancel%20020316%20Council%20Meeting.pdf,
329,329,329,Minutes,Cancelled Meeting Notice - 2016-02-17,https://estero-fl.gov/wp-content/uploads/library-ada/minutes/2016%20Minutes/Council/Cancel%20021716%20Council%20Meeting.pdf,
330,330,330,Minutes,Cancelled Meeting Notice - 2016-04-27,https://estero-fl.gov/wp-content/uploads/library-ada/minutes/2016%20Minutes/Council/Cancel%20042716%20Council%20Meeting.pdf,
331,331,331,Minutes,Cancelled Meeting Notice - 2016-06-29,https://estero-fl.gov/wp-content/uploads/library-ada/minutes/2016%20Minutes/Council/Cancel%20062916%20Council%20Meeting.pdf,
332,332,332,Minutes,Cancelled Meeting Notice - 2015-11-04,https://estero-fl.gov/wp-content/uploads/library-ada/minutes/2015%20Minutes/Council/Cancel%20110415%20Council%20Meeting.pdf,
333,333,333,Minutes,Cancelled Meeting Notice - 2020-04-01,https://estero-fl.gov/wp-content/uploads/library-ada/minutes/2020%20Minutes/Council/Cancel%20April%201%20Council%20Meeting.pdf,
334,334,334,Minutes,Cancelled Meeting Notice - 2020-04-15,https://estero-fl.gov/wp-content/uploads/library-ada/minutes/2020%20Minutes/Council/Cancel%20April%2015%20Council%20Meeting.pdf,
335,335,335,Minutes,Cancelled Meeting Notice - 2019-04-17,https://estero-fl.gov/wp-content/uploads/library-ada/minutes/2019%20MINUTES/Council/Cancel%20April%2017%20Council%20Meeting.pdf,
336,336,336,Minutes,Cancelled Meeting Notice - 2017-07-05,https://estero-fl.gov/wp-content/uploads/library-ada/minutes/2017%20Minutes/Council/Cancel%20July%205%20Council%20Meeting.pdf,
337,337,337,Minutes,Cancelled Meeting Notice - 2020-05-06,https://estero-fl.gov/wp-content/uploads/library-ada/minutes/2020%20Minutes/Council/Cancel%20May%206%20Council%20Meeting.pdf,
338,338,338,Minutes,Cancelled Meeting Notice - 2022-10-05,https://estero-fl.gov/wp-content/uploads/library-ada/minutes/2022%20MINUTES/COUNCIL/Cancel%20October%205%20Council%20Meeting.pdf,
339,339,339,Minutes,PZ&DB Meeting Minutes - 2026-01-13,https://estero-fl.gov/wp-content/uploads/library-ada/minutes/2026%20Minutes/PZDB/01132026%20PZDB%20Minutes.pdf,
340,340,340,Minutes,PZ&DB Meeting Minutes - 2026-04-14,https://estero-fl.gov/wp-content/uploads/library-ada/minutes/2026%20Minutes/PZDB/04142026%20PZDB%20Minutes.pdf,
341,341,341,Minutes,PZ&DB Meeting Minutes - 2026-05-12,https://estero-fl.gov/wp-content/uploads/library-ada/minutes/2026%20Minutes/PZDB/05122026%20PZDB%20Minutes.pdf,
342,342,342,Minutes,PZ&DB Meeting Minutes - 2026-06-09,https://estero-fl.gov/wp-content/uploads/library-ada/minutes/2026%20Minutes/PZDB/06092026%20PZDB%20Minutes.pdf,
343,343,343,Minutes,PZ&DB Meeting Minutes - 2026-07-14,https://estero-fl.gov/wp-content/uploads/library-ada/minutes/2026%20Minutes/PZDB/07142026%20PZDB%20Minutes.pdf,
344,344,344,Minutes,PZ&DB Meeting Minutes - 2026-08-11,https://estero-fl.gov/wp-content/uploads/library-ada/minutes/2026%20Minutes/PZDB/08112026%20PZDB%20Minutes.pdf,
345,345,345,Minutes,PZ&DB Meeting Minutes - 2026-09-08,https://estero-fl.gov/wp-content/uploads/library-ada/minutes/2026%20Minutes/PZDB/09082026%20PZDB%20Minutes.pdf,
346,346,346,Minutes,PZ&DB Meeting Minutes - 2026-10-13,https://estero-fl.gov/wp-content/uploads/library-ada/minutes/2026%20Minutes/PZDB/10132026%20PZDB%20Minutes.pdf,
347,347,347,Minutes,PZ&DB Meeting Minutes - 2026-11-10,https://estero-fl.gov/wp-content/uploads/library-ada/minutes/2026%20Minutes/PZDB/11102026%20PZDB%20Minutes.pdf,
348,348,348,Minutes,PZ&DB Meeting Minutes - 2026-12-08,https://estero-fl.gov/wp-content/uploads/library-ada/minutes/2026%20Minutes/PZDB/12082026%20PZDB%20Minutes.pdf,
