document_id,meeting_id,title,document_type,file_name,file_url,upload_date,doc_date,notes
1,1,Village Council Meeting Minutes - 2024-01-03,Minutes,01032024 minutes.pdf,https://estero-fl.gov/wp-content/uploads/library-ada/minutes/2024%20Minutes/01032024%20minutes.pdf,,2024-01-03,
2,2,Village Council Meeting Minutes - 2017-01-04,Minutes,010417 Council Meeting Approved Minutes.pdf,https://estero-fl.gov/wp-content/uploads/library-ada/minutes/2017%20Minutes/Council/010417%20Council%20Meeting%20Approved%20Minutes.pdf,,2017-01-04,
3,3,Village Council Meeting Minutes - 2023-01-04,Minutes,01042023 minutes.pdf,https://estero-fl.gov/wp-content/uploads/library-ada/minutes/2023%20MINUTES/01042023%20minutes.pdf,,2023-01-04,
4,4,Village Council Meeting Minutes - 2022-01-05,Minutes,01052022 minutes.pdf,https://estero-fl.gov/wp-content/uploads/library-ada/minutes/2022%20MINUTES/COUNCIL/01052022%20minutes.pdf,,2022-01-05,
5,5,Village Council Meeting Minutes - 2016-01-06,Minutes,01062016 minutes.pdf,https://estero-fl.gov/wp-content/uploads/library-ada/minutes/2016%20Minutes/Council/01062016%20minutes.pdf,,2016-01-06,
6,6,Village Council Meeting Minutes - 2025-01-08,Minutes,01082025 minutes.pdf,https://estero-fl.gov/wp-content/uploads/library-ada/minutes/2025%20Minutes/Council/01082025%20minutes.pdf,,2025-01-08,
7,7,Cancelled Meeting Notice - 2024-01-09,Minutes,01092024 PZDB cancellation.pdf,https://raw.githubusercontent.com/EagleGIS-FGCU/EagleGIS/script/pdfs/01092024%20PZDB%20cancellation.pdf,,2024-01-09,
8,8,PZ&DB Meeting Minutes - 2022-01-11,Minutes,01112022 PZDB Minutes.pdf,https://estero-fl.gov/wp-content/uploads/library-ada/minutes/2022%20MINUTES/PZD%20BOARD/01112022%20PZDB%20Minutes.pdf,,2022-01-11,
9,9,PZ&DB Meeting Minutes - 2023-01-11,Minutes,01112023 PZDB Minutes.pdf,https://estero-fl.gov/wp-content/uploads/library-ada/minutes/2023%20MINUTES/PZDB/01112023%20PZDB%20Minutes.pdf,,2023-01-11,
10,10,Special Meeting Minutes - 2016-01-13,Minutes,01132016 minutes.pdf,https://estero-fl.gov/wp-content/uploads/library-ada/minutes/2016%20Minutes/Council/01132016%20minutes.pdf,,2016-01-13,
11,11,Village Council Meeting Minutes - 2021-01-13,Minutes,01132021 Minutes.pdf,https://estero-fl.gov/wp-content/uploads/library-ada/minutes/2021%20Minutes/COUNCIL/01132021%20Minutes.pdf,,2021-01-13,
12,12,PZ&DB Meeting Minutes - 2025-01-14,Minutes,01142025 PZDB Minutes.pdf,https://estero-fl.gov/wp-content/uploads/library-ada/minutes/2025%20Minutes/PZDB/01142025%20PZDB%20Minutes.pdf,,2025-01-14,
13,13,PZ&DB Meeting Minutes - 2026-01-14,Minutes,01142026 PZDB Minutes.pdf,https://raw.githubusercontent.com/EagleGIS-FGCU/EagleGIS/script/pdfs/01142026%20PZDB%20Minutes.pdf,,2026-01-14,
14,14,Village Council Meeting Minutes - 2017-01-18,Minutes,011817 Council Meeting Approved Minutes.pdf,https://estero-fl.gov/wp-content/uploads/library-ada/minutes/2017%20Minutes/Council/011817%20Council%20Meeting%20Approved%20Minutes.pdf,,2017-01-18,
15,15,Village Council Meeting Minutes - 2022-01-19,Minutes,01192022 minutes.pdf,https://estero-fl.gov/wp-content/uploads/library-ada/minutes/2022%20MINUTES/COUNCIL/01192022%20minutes.pdf,,2022-01-19,
16,16,Village Council Meeting Minutes - 2016-01-20,Minutes,01202016 minutes.pdf,https://estero-fl.gov/wp-content/uploads/library-ada/minutes/2016%20Minutes/Council/01202016%20minutes.pdf,,2016-01-20,
17,17,Village Council Meeting Minutes - 2021-01-20,Minutes,01202021 minutes.pdf,https://estero-fl.gov/wp-content/uploads/library-ada/minutes/2021%20Minutes/COUNCIL/01202021%20minutes.pdf,,2021-01-20,
18,18,Village Council Meeting Minutes - 2025-01-22,Minutes,01222025 Minutes.pdf,https://estero-fl.gov/wp-content/uploads/library-ada/minutes/2025%20Minutes/Council/01222025%20Minutes.pdf,,2025-01-22,
19,19,Village Council Meeting Minutes - 2024-01-24,Minutes,01242024 minutes.pdf,https://estero-fl.gov/wp-content/uploads/library-ada/minutes/2024%20Minutes/01242024%20minutes.pdf,,2024-01-24,
20,20,Village Council Meeting Minutes - 2021-01-27,Minutes,01272021 minutes.pdf,https://estero-fl.gov/wp-content/uploads/library-ada/minutes/2021%20Minutes/COUNCIL/01272021%20minutes.pdf,,2021-01-27,
21,21,Village Council Meeting Minutes - 2021-01-06,Minutes,0162021 Minutes.pdf,https://estero-fl.gov/wp-content/uploads/library-ada/minutes/2021%20Minutes/COUNCIL/0162021%20Minutes.pdf,,2021-01-06,
22,22,Village Council Meeting Minutes - 2017-02-01,Minutes,020117 Council Meeting  Approved Minutes.pdf,https://estero-fl.gov/wp-content/uploads/library-ada/minutes/2017%20Minutes/Council/020117%20Council%20Meeting%20%20Approved%20Minutes.pdf,,2017-02-01,
23,23,Village Council Meeting Minutes - 2023-02-01,Minutes,02012023 minutes.pdf,https://estero-fl.gov/wp-content/uploads/library-ada/minutes/2023%20MINUTES/02012023%20minutes.pdf,,2023-02-01,
24,24,Village Council Meeting Minutes - 2022-02-02,Minutes,02022022 minutes.pdf,https://estero-fl.gov/wp-content/uploads/library-ada/minutes/2022%20MINUTES/COUNCIL/02022022%20minutes.pdf,,2022-02-02,
25,25,Village Council Meeting Minutes - 2025-02-05,Minutes,02052025.pdf,https://estero-fl.gov/wp-content/uploads/library-ada/minutes/2025%20Minutes/Council/02052025.pdf,,2025-02-05,
26,26,Village Council Meeting Minutes - 2024-02-07,Minutes,02072024 minutes.pdf,https://estero-fl.gov/wp-content/uploads/library-ada/minutes/2024%20Minutes/02072024%20minutes.pdf,,2024-02-07,
27,27,Cancelled Meeting Notice - 2022-02-08,Minutes,02082022 PZDB cancellation.pdf,https://raw.githubusercontent.com/EagleGIS-FGCU/EagleGIS/script/pdfs/02082022%20PZDB%20cancellation.pdf,,2022-02-08,
28,28,Village Council Meeting Minutes - 2016-02-10,Minutes,021016 Council Regular Meeting Approved Minutes.pdf,https://estero-fl.gov/wp-content/uploads/library-ada/minutes/2016%20Minutes/Council/021016%20Council%20Regular%20Meeting%20Approved%20Minutes.pdf,,2016-02-10,
29,29,PZ&DB Meeting Minutes - 2026-02-10,Minutes,02102026 PZDB Minutes.pdf,https://estero-fl.gov/wp-content/uploads/library-ada/minutes/2026%20Minutes/PZDB/02102026%20PZDB%20Minutes.pdf,,2026-02-10,
30,30,PZ&DB Meeting Minutes - 2025-02-11,Minutes,02112025 PZDB Minutes.pdf,https://estero-fl.gov/wp-content/uploads/library-ada/minutes/2025%20Minutes/PZDB/02112025%20PZDB%20Minutes.pdf,,2025-02-11,
31,31,PZ&DB Meeting Minutes - 2024-02-13,Minutes,02132024 PZDB Minutes.pdf,https://estero-fl.gov/wp-content/uploads/library-ada/minutes/2024%20Minutes/PZDB/02132024%20PZDB%20Minutes.pdf,,2024-02-13,
32,32,Village Council Meeting Minutes - 2017-02-15,Minutes,021517 Council Meeting  Approved Minutes.pdf,https://estero-fl.gov/wp-content/uploads/library-ada/minutes/2017%20Minutes/Council/021517%20Council%20Meeting%20%20Approved%20Minutes.pdf,,2017-02-15,
33,33,Village Council Meeting Minutes - 2023-02-15,Minutes,02152023 minutes.pdf,https://estero-fl.gov/wp-content/uploads/library-ada/minutes/2023%20MINUTES/02152023%20minutes.pdf,,2023-02-15,
34,34,Village Council Meeting Minutes - 2022-02-16,Minutes,02162022 minutes.pdf,https://estero-fl.gov/wp-content/uploads/library-ada/minutes/2022%20MINUTES/COUNCIL/02162022%20minutes.pdf,,2022-02-16,
35,35,Village Council Meeting Minutes - 2025-02-19,Minutes,02192025.pdf,https://estero-fl.gov/wp-content/uploads/library-ada/minutes/2025%20Minutes/Council/02192025.pdf,,2025-02-19,
36,36,PZ&DB Meeting Minutes - 2023-02-21,Minutes,02212023 PZDB Minutes.pdf,https://estero-fl.gov/wp-content/uploads/library-ada/minutes/2023%20MINUTES/PZDB/02212023%20PZDB%20Minutes.pdf,,2023-02-21,
37,37,Village Council Meeting Minutes - 2024-02-21,Minutes,02212024 minutes.pdf,https://estero-fl.gov/wp-content/uploads/library-ada/minutes/2024%20Minutes/02212024%20minutes.pdf,,2024-02-21,
38,38,Village Council Workshop Minutes - 2017-02-22,Minutes,022217 Council Workshop Minutes.pdf,https://estero-fl.gov/wp-content/uploads/library-ada/minutes/2017%20Minutes/Council/022217%20Council%20Workshop%20Minutes.pdf,,2017-02-22,
39,39,Village Council Meeting Minutes - 2016-02-24,Minutes,02242016 minutes.pdf,https://estero-fl.gov/wp-content/uploads/library-ada/minutes/2016%20Minutes/Council/02242016%20minutes.pdf,,2016-02-24,
40,40,Village Council Meeting Minutes - 2021-02-24,Minutes,02242021 minutes.pdf,https://estero-fl.gov/wp-content/uploads/library-ada/minutes/2021%20Minutes/COUNCIL/02242021%20minutes.pdf,,2021-02-24,
41,41,Joint Workshop Minutes - 2017-02-28,Minutes,022817 Joint Workshop with Bonita Springs City Council Approved Minutes.pdf,https://estero-fl.gov/wp-content/uploads/library-ada/minutes/2017%20Minutes/Council/022817%20Joint%20Workshop%20with%20Bonita%20Springs%20City%20Council%20Approved%20Minutes.pdf,,2017-02-28,
42,42,Village Council Meeting Minutes - 2021-02-03,Minutes,0232021 minutes.pdf,https://estero-fl.gov/wp-content/uploads/library-ada/minutes/2021%20Minutes/COUNCIL/0232021%20minutes.pdf,,2021-02-03,
43,43,Village Council Meeting Minutes - 2017-03-01,Minutes,030117 Council Meeting Approved Minutes.pdf,https://estero-fl.gov/wp-content/uploads/library-ada/minutes/2017%20Minutes/Council/030117%20Council%20Meeting%20Approved%20Minutes.pdf,,2017-03-01,
44,44,Village Council Meeting Minutes - 2023-03-01,Minutes,03012023 minutes.pdf,https://estero-fl.gov/wp-content/uploads/library-ada/minutes/2023%20MINUTES/03012023%20minutes.pdf,,2023-03-01,
45,45,Village Council Workshop Minutes - 2016-03-02,Minutes,030216 Council Workshop Approved Minutes.pdf,https://estero-fl.gov/wp-content/uploads/library-ada/minutes/2016%20Minutes/Council/030216%20Council%20Workshop%20Approved%20Minutes.pdf,,2016-03-02,
46,46,Village Council Meeting Minutes - 2022-03-02,Minutes,03022022 minutes.pdf,https://estero-fl.gov/wp-content/uploads/library-ada/minutes/2022%20MINUTES/COUNCIL/03022022%20minutes.pdf,,2022-03-02,
47,47,Village Council Meeting Minutes - 2021-03-03,Minutes,03032021 minutes.pdf,https://estero-fl.gov/wp-content/uploads/library-ada/minutes/2021%20Minutes/COUNCIL/03032021%20minutes.pdf,,2021-03-03,
48,48,Village Council Meeting Minutes - 2024-03-06,Minutes,03062024 minutes.pdf,https://estero-fl.gov/wp-content/uploads/library-ada/minutes/2024%20Minutes/03062024%20minutes.pdf,,2024-03-06,
49,49,PZ&DB Meeting Minutes - 2022-03-08,Minutes,03082022 PZDB Minutes.pdf,https://estero-fl.gov/wp-content/uploads/library-ada/minutes/2022%20MINUTES/PZD%20BOARD/03082022%20PZDB%20Minutes.pdf,,2022-03-08,
50,50,Zoning Hearing Minutes - 2016-03-09,Minutes,030916 Zoning Hearing Approved Minutes.pdf,https://estero-fl.gov/wp-content/uploads/library-ada/minutes/2016%20Minutes/Council/030916%20Zoning%20Hearing%20Approved%20Minutes.pdf,,2016-03-09,
51,51,Village Council Workshop Minutes - 2017-03-09,Minutes,030917 Council Workshop Approved Minutes.pdf,https://estero-fl.gov/wp-content/uploads/library-ada/minutes/2017%20Minutes/Council/030917%20Council%20Workshop%20Approved%20Minutes.pdf,,2017-03-09,
52,52,PZ&DB Meeting Minutes - 2026-03-10,Minutes,03102026 PZDB Minutes.pdf,https://estero-fl.gov/wp-content/uploads/library-ada/minutes/2026%20Minutes/PZDB/03102026%20PZDB%20Minutes.pdf,,2026-03-10,
53,53,PZ&DB Meeting Minutes - 2025-03-11,Minutes,03112025 PZDB Minutes.pdf,https://estero-fl.gov/wp-content/uploads/library-ada/minutes/2025%20Minutes/PZDB/03112025%20PZDB%20Minutes.pdf,,2025-03-11,
54,54,PZ&DB Meeting Minutes - 2024-03-12,Minutes,03122024 PZDB Minutes.pdf,https://estero-fl.gov/wp-content/uploads/library-ada/minutes/2024%20Minutes/PZDB/03122024%20PZDB%20Minutes.pdf,,2024-03-12,
55,55,Village Council Workshop Minutes - 2024-03-13,Minutes,03132024 minutes.pdf,https://estero-fl.gov/wp-content/uploads/library-ada/minutes/2024%20Minutes/03132024%20minutes.pdf,,2024-03-13,
56,56,PZ&DB Meeting Minutes - 2023-03-14,Minutes,03142023 PZDB Minutes.pdf,https://estero-fl.gov/wp-content/uploads/library-ada/minutes/2023%20MINUTES/PZDB/03142023%20PZDB%20Minutes.pdf,,2023-03-14,
57,57,Village Council Meeting Minutes - 2017-03-15,Minutes,031517 Council Meeting Approved Minutes.pdf,https://estero-fl.gov/wp-content/uploads/library-ada/minutes/2017%20Minutes/Council/031517%20Council%20Meeting%20Approved%20Minutes.pdf,,2017-03-15,
58,58,Village Council Meeting Minutes - 2016-03-16,Minutes,031616 Council Meeting Approved Minutes.pdf,https://estero-fl.gov/wp-content/uploads/library-ada/minutes/2016%20Minutes/Council/031616%20Council%20Meeting%20Approved%20Minutes.pdf,,2016-03-16,
59,59,Village Council Meeting Minutes - 2022-03-16,Minutes,03162022 minutes.pdf,https://estero-fl.gov/wp-content/uploads/library-ada/minutes/2022%20MINUTES/COUNCIL/03162022%20minutes.pdf,,2022-03-16,
60,60,Village Council Meeting Minutes - 2015-03-17,Minutes,031715 Regular Meeting Minutes.pdf,https://estero-fl.gov/wp-content/uploads/library-ada/minutes/2015%20Minutes/Council/031715%20Regular%20Meeting%20Minutes.pdf,,2015-03-17,
61,61,Village Council Meeting Minutes - 2021-03-17,Minutes,03172021 minutes.pdf,https://estero-fl.gov/wp-content/uploads/library-ada/minutes/2021%20Minutes/COUNCIL/03172021%20minutes.pdf,,2021-03-17,
62,62,Village Council Meeting Minutes - 2025-03-19,Minutes,03192025.pdf,https://estero-fl.gov/wp-content/uploads/library-ada/minutes/2025%20Minutes/Council/03192025.pdf,,2025-03-19,
63,63,Village Council Meeting Minutes - 2015-03-20,Minutes,032015 Workshop Minutes.pdf,https://estero-fl.gov/wp-content/uploads/library-ada/minutes/2015%20Minutes/Council/032015%20Workshop%20Minutes.pdf,,2015-03-20,
64,64,Village Council Meeting Minutes - 2024-03-20,Minutes,03202024 minutes.pdf,https://estero-fl.gov/wp-content/uploads/library-ada/minutes/2024%20Minutes/03202024%20minutes.pdf,,2024-03-20,
65,65,Village Council Meeting Minutes - 2016-03-23,Minutes,032316 Council Meeting Approved Minutes.pdf,https://estero-fl.gov/wp-content/uploads/library-ada/minutes/2016%20Minutes/Council/032316%20Council%20Meeting%20Approved%20Minutes.pdf,,2016-03-23,
66,66,Village Council Meeting Minutes - 2021-03-24,Minutes,03242021 minutes.pdf,https://estero-fl.gov/wp-content/uploads/library-ada/minutes/2021%20Minutes/COUNCIL/03242021%20minutes.pdf,,2021-03-24,
67,67,Village Council Meeting Minutes - 2015-03-27,Minutes,03272015 minutes.pdf,https://estero-fl.gov/wp-content/uploads/library-ada/minutes/2015%20Minutes/Council/03272015%20minutes.pdf,,2015-03-27,
68,68,Village Council Meeting Minutes - 2016-03-30,Minutes,033016 Council Meeting Approved Minutes.pdf,https://estero-fl.gov/wp-content/uploads/library-ada/minutes/2016%20Minutes/Council/033016%20Council%20Meeting%20Approved%20Minutes.pdf,,2016-03-30,
69,69,Village Council Meeting Minutes - 2025-04-02,Minutes,04022025.pdf,https://estero-fl.gov/wp-content/uploads/library-ada/minutes/2025%20Minutes/Council/04022025.pdf,,2025-04-02,
70,70,Village Council Meeting Minutes - 2024-04-03,Minutes,04032024 minutes.pdf,https://estero-fl.gov/wp-content/uploads/library-ada/minutes/2024%20Minutes/04032024%20minutes.pdf,,2024-04-03,
71,71,Village Council Meeting Minutes - 2017-04-05,Minutes,040517 Council Meeting Approved Minutes.pdf,https://estero-fl.gov/wp-content/uploads/library-ada/minutes/2017%20Minutes/Council/040517%20Council%20Meeting%20Approved%20Minutes.pdf,,2017-04-05,
72,72,Village Council Meeting Minutes - 2023-04-05,Minutes,04052023 minutes.pdf,https://estero-fl.gov/wp-content/uploads/library-ada/minutes/2023%20MINUTES/04052023%20minutes.pdf,,2023-04-05,
73,73,Village Council Meeting Minutes - 2015-04-06,Minutes,040615 Regular Meeting Minutes.pdf,https://estero-fl.gov/wp-content/uploads/library-ada/minutes/2015%20Minutes/Council/040615%20Regular%20Meeting%20Minutes.pdf,,2015-04-06,
74,74,Village Council Meeting Minutes - 2016-04-06,Minutes,040616 Council Meeting Approved Minutes.pdf,https://estero-fl.gov/wp-content/uploads/library-ada/minutes/2016%20Minutes/Council/040616%20Council%20Meeting%20Approved%20Minutes.pdf,,2016-04-06,
75,75,Village Council Meeting Minutes - 2022-04-06,Minutes,04062022 minutes.pdf,https://estero-fl.gov/wp-content/uploads/library-ada/minutes/2022%20MINUTES/COUNCIL/04062022%20minutes.pdf,,2022-04-06,
76,76,Village Council Meeting Minutes - 2015-04-07,Minutes,040715 Workshop Minutes.pdf,https://estero-fl.gov/wp-content/uploads/library-ada/minutes/2015%20Minutes/Council/040715%20Workshop%20Minutes.pdf,,2015-04-07,
77,77,Village Council Meeting Minutes - 2021-04-07,Minutes,04072021 minutes.pdf,https://estero-fl.gov/wp-content/uploads/library-ada/minutes/2021%20Minutes/COUNCIL/04072021%20minutes.pdf,,2021-04-07,
78,78,PZ&DB Meeting Minutes - 2025-04-08,Minutes,04082025 PZDB Minutes.pdf,https://estero-fl.gov/wp-content/uploads/library-ada/minutes/2025%20Minutes/PZDB/04082025%20PZDB%20Minutes.pdf,,2025-04-08,
79,79,PZ&DB Meeting Minutes - 2024-04-09,Minutes,04092024 PZDB Minutes.pdf,https://estero-fl.gov/wp-content/uploads/library-ada/minutes/2024%20Minutes/PZDB/04092024%20PZDB%20Minutes.pdf,,2024-04-09,
80,80,Village Council Meeting Minutes - 2015-04-10,Minutes,041015 Workshop Minutes.pdf,https://estero-fl.gov/wp-content/uploads/library-ada/minutes/2015%20Minutes/Council/041015%20Workshop%20Minutes.pdf,,2015-04-10,
81,81,PZ&DB Meeting Minutes - 2023-04-11,Minutes,04112023 PZDB Minutes.pdf,https://estero-fl.gov/wp-content/uploads/library-ada/minutes/2023%20MINUTES/PZDB/04112023%20PZDB%20Minutes.pdf,,2023-04-11,
82,82,PZ&DB Meeting Minutes - 2022-04-12,Minutes,04122022 PZDB Minutes.pdf,https://estero-fl.gov/wp-content/uploads/library-ada/minutes/2022%20MINUTES/PZD%20BOARD/04122022%20PZDB%20Minutes.pdf,,2022-04-12,
83,83,Village Council Meeting Minutes - 2022-04-13,Minutes,04132022 minutes.pdf,https://estero-fl.gov/wp-content/uploads/library-ada/minutes/2022%20MINUTES/COUNCIL/04132022%20minutes.pdf,,2022-04-13,
84,84,Village Council Meeting Minutes - 2025-04-16,Minutes,04162025.pdf,https://estero-fl.gov/wp-content/uploads/library-ada/minutes/2025%20Minutes/Council/04162025.pdf,,2025-04-16,
85,85,Village Council Meeting Minutes - 2015-04-17,Minutes,04172015 minutes.pdf,https://estero-fl.gov/wp-content/uploads/library-ada/minutes/2015%20Minutes/Council/04172015%20minutes.pdf,,2015-04-17,
86,86,Village Council Meeting Minutes - 2024-04-17,Minutes,04172024 minutes.pdf,https://estero-fl.gov/wp-content/uploads/library-ada/minutes/2024%20Minutes/04172024%20minutes.pdf,,2024-04-17,
87,87,Village Council Meeting Minutes - 2017-04-19,Minutes,041917 Council Meeting Approved Minutes.pdf,https://estero-fl.gov/wp-content/uploads/library-ada/minutes/2017%20Minutes/Council/041917%20Council%20Meeting%20Approved%20Minutes.pdf,,2017-04-19,
88,88,Village Council Meeting Minutes - 2023-04-19,Minutes,04192023  minutes.pdf,https://estero-fl.gov/wp-content/uploads/library-ada/minutes/2023%20MINUTES/04192023%20%20minutes.pdf,,2023-04-19,
89,89,Village Council Meeting Minutes - 2016-04-20,Minutes,042016 Council Meeting Approved Minutes.pdf,https://estero-fl.gov/wp-content/uploads/library-ada/minutes/2016%20Minutes/Council/042016%20Council%20Meeting%20Approved%20Minutes.pdf,,2016-04-20,
90,90,PZ&DB Meeting Minutes - 2021-04-20,Minutes,04202021 PZDB Minutes.pdf,https://estero-fl.gov/wp-content/uploads/library-ada/minutes/2021%20Minutes/PZDB%20Minutes/04202021%20PZDB%20Minutes.pdf,,2021-04-20,
91,91,Village Council Meeting Minutes - 2022-04-20,Minutes,04202022 minutes.pdf,https://estero-fl.gov/wp-content/uploads/library-ada/minutes/2022%20MINUTES/COUNCIL/04202022%20minutes.pdf,,2022-04-20,
92,92,Village Council Meeting Minutes - 2021-04-21,Minutes,04212021 minutes.pdf,https://estero-fl.gov/wp-content/uploads/library-ada/minutes/2021%20Minutes/COUNCIL/04212021%20minutes.pdf,,2021-04-21,
93,93,Organizational Meeting Minutes - 2017-04-24,Minutes,042417 Council Organizational Business Meeting Approved Minutes.pdf,https://estero-fl.gov/wp-content/uploads/library-ada/minutes/2017%20Minutes/Council/042417%20Council%20Organizational%20Business%20Meeting%20Approved%20Minutes.pdf,,2017-04-24,
94,94,Village Council Meeting Minutes - 2015-04-24,Minutes,04242015 minutes.pdf,https://estero-fl.gov/wp-content/uploads/library-ada/minutes/2015%20Minutes/Council/04242015%20minutes.pdf,,2015-04-24,
95,95,Village Council Meeting Minutes - 2024-05-01,Minutes,05012024 minutes.pdf,https://estero-fl.gov/wp-content/uploads/library-ada/minutes/2024%20Minutes/05012024%20minutes.pdf,,2024-05-01,
96,96,Village Council Meeting Minutes - 2017-05-03,Minutes,050317 Council Meeting Approved Minutes.pdf,https://estero-fl.gov/wp-content/uploads/library-ada/minutes/2017%20Minutes/Council/050317%20Council%20Meeting%20Approved%20Minutes.pdf,,2017-05-03,
97,97,Village Council Meeting Minutes - 2023-05-03,Minutes,05032023 minutes.pdf,https://estero-fl.gov/wp-content/uploads/library-ada/minutes/2023%20MINUTES/05032023%20minutes.pdf,,2023-05-03,
98,98,Village Council Meeting Minutes - 2016-05-04,Minutes,050416 Council Meeting Approved Minutes.pdf,https://estero-fl.gov/wp-content/uploads/library-ada/minutes/2016%20Minutes/Council/050416%20Council%20Meeting%20Approved%20Minutes.pdf,,2016-05-04,
99,99,Village Council Meeting Minutes - 2022-05-04,Minutes,05042022 minutes.pdf,https://estero-fl.gov/wp-content/uploads/library-ada/minutes/2022%20MINUTES/COUNCIL/05042022%20minutes.pdf,,2022-05-04,
100,100,Village Council Meeting Minutes - 2021-05-05,Minutes,05052021 minutes.pdf,https://estero-fl.gov/wp-content/uploads/library-ada/minutes/2021%20Minutes/COUNCIL/05052021%20minutes.pdf,,2021-05-05,
101,101,Village Council Meeting Minutes - 2025-05-07,Minutes,05072025.pdf,https://estero-fl.gov/wp-content/uploads/library-ada/minutes/2025%20Minutes/Council/05072025.pdf,,2025-05-07,
102,102,Village Council Meeting Minutes - 2015-05-08,Minutes,05082015 minutes.pdf,https://estero-fl.gov/wp-content/uploads/library-ada/minutes/2015%20Minutes/Council/05082015%20minutes.pdf,,2015-05-08,
103,103,PZ&DB Meeting Minutes - 2023-05-09,Minutes,05092023 PZDB Minutes.pdf,https://estero-fl.gov/wp-content/uploads/library-ada/minutes/2023%20MINUTES/PZDB/05092023%20PZDB%20Minutes.pdf,,2023-05-09,
104,104,PZ&DB Meeting Minutes - 2022-05-10,Minutes,05102022 PZDB Minutes.pdf,https://estero-fl.gov/wp-content/uploads/library-ada/minutes/2022%20MINUTES/PZD%20BOARD/05102022%20PZDB%20Minutes.pdf,,2022-05-10,
105,105,PZ&DB Meeting Minutes - 2021-05-11,Minutes,05112021 PZDB Minutes.pdf,https://estero-fl.gov/wp-content/uploads/library-ada/minutes/2021%20Minutes/PZDB%20Minutes/05112021%20PZDB%20Minutes.pdf,,2021-05-11,
106,106,PZ&DB Meeting Minutes - 2025-05-13,Minutes,05132025 PZDB Minutes.pdf,https://estero-fl.gov/wp-content/uploads/library-ada/minutes/2025%20Minutes/PZDB/05132025%20PZDB%20Minutes.pdf,,2025-05-13,
107,107,PZ&DB Meeting Minutes - 2024-05-14,Minutes,05142024 PZDB Minutes.pdf,https://estero-fl.gov/wp-content/uploads/library-ada/minutes/2024%20Minutes/PZDB/05142024%20PZDB%20Minutes.pdf,,2024-05-14,
108,108,Village Council Meeting Minutes - 2017-05-15,Minutes,051517 Council Meeting Approved Minutes.pdf,https://estero-fl.gov/wp-content/uploads/library-ada/minutes/2017%20Minutes/Council/051517%20Council%20Meeting%20Approved%20Minutes.pdf,,2017-05-15,
109,109,Village Council Meeting Minutes - 2015-05-15,Minutes,05152015 minutes.pdf,https://estero-fl.gov/wp-content/uploads/library-ada/minutes/2015%20Minutes/Council/05152015%20minutes.pdf,,2015-05-15,
110,110,Village Council Meeting Minutes - 2024-05-15,Minutes,05152024 minutes.pdf,https://estero-fl.gov/wp-content/uploads/library-ada/minutes/2024%20Minutes/05152024%20minutes.pdf,,2024-05-15,
111,111,Village Council Meeting Minutes - 2017-05-17,Minutes,051717 Council Meeting Approved Minutes.pdf,https://estero-fl.gov/wp-content/uploads/library-ada/minutes/2017%20Minutes/Council/051717%20Council%20Meeting%20Approved%20Minutes.pdf,,2017-05-17,
112,112,Village Council Meeting Minutes - 2023-05-17,Minutes,05172023  minutes.pdf,https://estero-fl.gov/wp-content/uploads/library-ada/minutes/2023%20MINUTES/05172023%20%20minutes.pdf,,2023-05-17,
113,113,Village Council Meeting Minutes - 2016-05-18,Minutes,051816 Council Meeting Approved Minutes.pdf,https://estero-fl.gov/wp-content/uploads/library-ada/minutes/2016%20Minutes/Council/051816%20Council%20Meeting%20Approved%20Minutes.pdf,,2016-05-18,
114,114,Village Council Meeting Minutes - 2022-05-18,Minutes,05182022 minutes.pdf,https://estero-fl.gov/wp-content/uploads/library-ada/minutes/2022%20MINUTES/COUNCIL/05182022%20minutes.pdf,,2022-05-18,
115,115,Village Council Meeting Minutes - 2021-05-19,Minutes,05192021 minutes.pdf,https://estero-fl.gov/wp-content/uploads/library-ada/minutes/2021%20Minutes/COUNCIL/05192021%20minutes.pdf,,2021-05-19,
116,116,Village Council Meeting Minutes - 2015-05-20,Minutes,052015 Regular Meeting Minutes.pdf,https://estero-fl.gov/wp-content/uploads/library-ada/minutes/2015%20Minutes/Council/052015%20Regular%20Meeting%20Minutes.pdf,,2015-05-20,
117,117,Village Council Meeting Minutes - 2025-05-21,Minutes,05212025.pdf,https://estero-fl.gov/wp-content/uploads/library-ada/minutes/2025%20Minutes/Council/05212025.pdf,,2025-05-21,
118,118,Village Council Meeting Minutes - 2016-05-24,Minutes,052416 Council Workshop Meeting Approved Minutes.pdf,https://estero-fl.gov/wp-content/uploads/library-ada/minutes/2016%20Minutes/Council/052416%20Council%20Workshop%20Meeting%20Approved%20Minutes.pdf,,2016-05-24,
119,119,Zoning Hearing Minutes - 2017-05-24,Minutes,052417 Council Meeting Approved Minutes.pdf,https://estero-fl.gov/wp-content/uploads/library-ada/minutes/2017%20Minutes/Council/052417%20Council%20Meeting%20Approved%20Minutes.pdf,,2017-05-24,
120,120,Village Council Meeting Minutes - 2021-05-26,Minutes,05262021 minutes.pdf,https://estero-fl.gov/wp-content/uploads/library-ada/minutes/2021%20Minutes/COUNCIL/05262021%20minutes.pdf,,2021-05-26,
121,121,Village Council Meeting Minutes - 2017-05-31,Minutes,053117 Council Meeting Approved Minutes.pdf,https://estero-fl.gov/wp-content/uploads/library-ada/minutes/2017%20Minutes/Council/053117%20Council%20Meeting%20Approved%20Minutes.pdf,,2017-05-31,
122,122,Village Council Meeting Minutes - 2016-06-01,Minutes,060116 Council Meeting Approved Minutes.pdf,https://estero-fl.gov/wp-content/uploads/library-ada/minutes/2016%20Minutes/Council/060116%20Council%20Meeting%20Approved%20Minutes.pdf,,2016-06-01,
123,123,Village Council Meeting Minutes - 2022-06-01,Minutes,06012022 minutes.pdf,https://estero-fl.gov/wp-content/uploads/library-ada/minutes/2022%20MINUTES/COUNCIL/06012022%20minutes.pdf,,2022-06-01,
124,124,Village Council Meeting Minutes - 2021-06-02,Minutes,06022021 minutes.pdf,https://estero-fl.gov/wp-content/uploads/library-ada/minutes/2021%20Minutes/COUNCIL/06022021%20minutes.pdf,,2021-06-02,
125,125,Village Council Meeting Minutes - 2015-06-03,Minutes,060315 Regular Meeting Approved Minutes.pdf,https://estero-fl.gov/wp-content/uploads/library-ada/minutes/2015%20Minutes/Council/060315%20Regular%20Meeting%20Approved%20Minutes.pdf,,2015-06-03,
126,126,Village Council Meeting Minutes - 2025-06-04,Minutes,06042025.pdf,https://estero-fl.gov/wp-content/uploads/library-ada/minutes/2025%20Minutes/Council/06042025.pdf,,2025-06-04,
127,127,Village Council Meeting Minutes - 2024-06-05,Minutes,06052024 minutes.pdf,https://estero-fl.gov/wp-content/uploads/library-ada/minutes/2024%20Minutes/06052024%20minutes.pdf,,2024-06-05,
128,128,Village Council Meeting Minutes - 2017-06-07,Minutes,060717 Council Meeting Approved Minutes.pdf,https://estero-fl.gov/wp-content/uploads/library-ada/minutes/2017%20Minutes/Council/060717%20Council%20Meeting%20Approved%20Minutes.pdf,,2017-06-07,
129,129,Village Council Meeting Minutes - 2023-06-07,Minutes,06072023  minutes.pdf,https://estero-fl.gov/wp-content/uploads/library-ada/minutes/2023%20MINUTES/06072023%20%20minutes.pdf,,2023-06-07,
130,130,Village Council Workshop Minutes - 2016-06-08,Minutes,060816 Council Workshop Approved Minutes.pdf,https://estero-fl.gov/wp-content/uploads/library-ada/minutes/2016%20Minutes/Council/060816%20Council%20Workshop%20Approved%20Minutes.pdf,,2016-06-08,
131,131,PZ&DB Meeting Minutes - 2021-06-08,Minutes,06082021 PZDB Minutes.pdf,https://estero-fl.gov/wp-content/uploads/library-ada/minutes/2021%20Minutes/PZDB%20Minutes/06082021%20PZDB%20Minutes.pdf,,2021-06-08,
132,132,PZ&DB Meeting Minutes - 2025-06-10,Minutes,06102025 PZDB Minutes.pdf,https://estero-fl.gov/wp-content/uploads/library-ada/minutes/2025%20Minutes/PZDB/06102025%20PZDB%20Minutes.pdf,,2025-06-10,
133,133,PZ&DB Meeting Minutes - 2024-06-11,Minutes,06112024 PZDB Minutes.pdf,https://estero-fl.gov/wp-content/uploads/library-ada/minutes/2024%20Minutes/PZDB/06112024%20PZDB%20Minutes.pdf,,2024-06-11,
134,134,PZ&DB Meeting Minutes - 2023-06-13,Minutes,06132023 PZDB Minutes.pdf,https://estero-fl.gov/wp-content/uploads/library-ada/minutes/2023%20MINUTES/PZDB/06132023%20PZDB%20Minutes.pdf,,2023-06-13,
135,135,PZ&DB Meeting Minutes - 2022-06-14,Minutes,06142022 PZDB Minutes.pdf,https://estero-fl.gov/wp-content/uploads/library-ada/minutes/2022%20MINUTES/PZD%20BOARD/06142022%20PZDB%20Minutes.pdf,,2022-06-14,
136,136,Village Council Meeting Minutes - 2022-06-15,Minutes,06152022 minutes.pdf,https://estero-fl.gov/wp-content/uploads/library-ada/minutes/2022%20MINUTES/COUNCIL/06152022%20minutes.pdf,,2022-06-15,
137,137,Village Council Meeting Minutes - 2021-06-16,Minutes,06162021 minute.pdf,https://estero-fl.gov/wp-content/uploads/library-ada/minutes/2021%20Minutes/COUNCIL/06162021%20minute.pdf,,2021-06-16,
138,138,Village Council Meeting Minutes - 2015-06-17,Minutes,061715 Regular Meeting Approved Minutes.pdf,https://estero-fl.gov/wp-content/uploads/library-ada/minutes/2015%20Minutes/Council/061715%20Regular%20Meeting%20Approved%20Minutes.pdf,,2015-06-17,
139,139,Village Council Meeting Minutes - 2020-06-17,Minutes,061720 Council Meeting Minutes.pdf,https://estero-fl.gov/wp-content/uploads/library-ada/minutes/2020%20Minutes/Council/061720%20Council%20Meeting%20Minutes.pdf,,2020-06-17,
140,140,Village Council Meeting Minutes - 2025-06-18,Minutes,06182025.pdf,https://estero-fl.gov/wp-content/uploads/library-ada/minutes/2025%20Minutes/Council/06182025.pdf,,2025-06-18,
141,141,Village Council Meeting Minutes - 2024-06-19,Minutes,06192024 minutes.pdf,https://estero-fl.gov/wp-content/uploads/library-ada/minutes/2024%20Minutes/06192024%20minutes.pdf,,2024-06-19,
142,142,Village Council Meeting Minutes - 2017-06-21,Minutes,062117 Council Meeting Approved Minutes.pdf,https://estero-fl.gov/wp-content/uploads/library-ada/minutes/2017%20Minutes/Council/062117%20Council%20Meeting%20Approved%20Minutes.pdf,,2017-06-21,
143,143,Village Council Meeting Minutes - 2023-06-21,Minutes,06212023  minutes.pdf,https://estero-fl.gov/wp-content/uploads/library-ada/minutes/2023%20MINUTES/06212023%20%20minutes.pdf,,2023-06-21,
144,144,Special Meeting Minutes - 2016-06-22,Minutes,062216 Council Special Meeting Approved Minutes.pdf,https://estero-fl.gov/wp-content/uploads/library-ada/minutes/2016%20Minutes/Council/062216%20Council%20Special%20Meeting%20Approved%20Minutes.pdf,,2016-06-22,
145,145,Village Council Meeting Minutes - 2015-06-24,Minutes,062415 Workshop Approved Minutes.pdf,https://estero-fl.gov/wp-content/uploads/library-ada/minutes/2015%20Minutes/Council/062415%20Workshop%20Approved%20Minutes.pdf,,2015-06-24,
146,146,Special Meeting Minutes - 2015-06-26,Minutes,062615 Special Meeting Approved Minutes.pdf,https://estero-fl.gov/wp-content/uploads/library-ada/minutes/2015%20Minutes/Council/062615%20Special%20Meeting%20Approved%20Minutes.pdf,,2015-06-26,
147,147,Village Council Meeting Minutes - 2015-07-01,Minutes,070115 Regular Meeting Approved Minutes.pdf,https://estero-fl.gov/wp-content/uploads/library-ada/minutes/2015%20Minutes/Council/070115%20Regular%20Meeting%20Approved%20Minutes.pdf,,2015-07-01,
148,148,Village Council Meeting Minutes - 2025-07-02,Minutes,07022025.pdf,https://estero-fl.gov/wp-content/uploads/library-ada/minutes/2025%20Minutes/Council/07022025.pdf,,2025-07-02,
149,149,Village Council Meeting Minutes - 2024-07-03,Minutes,07032024 minutes.pdf,https://estero-fl.gov/wp-content/uploads/library-ada/minutes/2024%20Minutes/07032024%20minutes.pdf,,2024-07-03,
150,150,Village Council Meeting Minutes - 2023-07-05,Minutes,07052023  minutes.pdf,https://estero-fl.gov/wp-content/uploads/library-ada/minutes/2023%20MINUTES/07052023%20%20minutes.pdf,,2023-07-05,
151,151,Village Council Meeting Minutes - 2016-07-06,Minutes,070616 Council Meeting Approved Minutes.pdf,https://estero-fl.gov/wp-content/uploads/library-ada/minutes/2016%20Minutes/Council/070616%20Council%20Meeting%20Approved%20Minutes.pdf,,2016-07-06,
152,152,Village Council Meeting Minutes - 2022-07-06,Minutes,07062022 minutes.pdf,https://estero-fl.gov/wp-content/uploads/library-ada/minutes/2022%20MINUTES/COUNCIL/07062022%20minutes.pdf,,2022-07-06,
153,153,Village Council Meeting Minutes - 2021-07-07,Minutes,07072021 minute.pdf,https://estero-fl.gov/wp-content/uploads/library-ada/minutes/2021%20Minutes/COUNCIL/07072021%20minute.pdf,,2021-07-07,
154,154,Village Council Meeting Minutes - 2020-07-08,Minutes,07082020 Council Meeting Minutes.pdf,https://estero-fl.gov/wp-content/uploads/library-ada/minutes/2020%20Minutes/Council/07082020%20Council%20Meeting%20Minutes.pdf,,2020-07-08,
155,155,PZ&DB Meeting Minutes - 2025-07-08,Minutes,07082025 PZDB Minutes.pdf,https://estero-fl.gov/wp-content/uploads/library-ada/minutes/2025%20Minutes/PZDB/07082025%20PZDB%20Minutes.pdf,,2025-07-08,
156,156,PZ&DB Meeting Minutes - 2024-07-09,Minutes,07092024 PZDB Minutes.pdf,https://estero-fl.gov/wp-content/uploads/library-ada/minutes/2024%20Minutes/PZDB/07092024%20PZDB%20Minutes.pdf,,2024-07-09,
157,157,Village Council Meeting Minutes - 2015-07-10,Minutes,071015 Workshop Approved Minutes.pdf,https://estero-fl.gov/wp-content/uploads/library-ada/minutes/2015%20Minutes/Council/071015%20Workshop%20Approved%20Minutes.pdf,,2015-07-10,
158,158,PZ&DB Meeting Minutes - 2023-07-11,Minutes,07112023 PZDB Minutes.pdf,https://estero-fl.gov/wp-content/uploads/library-ada/minutes/2023%20MINUTES/PZDB/07112023%20PZDB%20Minutes.pdf,,2023-07-11,
159,159,PZ&DB Meeting Minutes - 2022-07-12,Minutes,07122022 PZDB Minutes.pdf,https://estero-fl.gov/wp-content/uploads/library-ada/minutes/2022%20MINUTES/PZD%20BOARD/07122022%20PZDB%20Minutes.pdf,,2022-07-12,
160,160,Village Council Meeting Minutes - 2016-07-13,Minutes,071316 Council Meeting Approved Minutes.pdf,https://estero-fl.gov/wp-content/uploads/library-ada/minutes/2016%20Minutes/Council/071316%20Council%20Meeting%20Approved%20Minutes.pdf,,2016-07-13,
161,161,PZ&DB Meeting Minutes - 2021-07-13,Minutes,07132021 PZDB Minutes.pdf,https://estero-fl.gov/wp-content/uploads/library-ada/minutes/2021%20Minutes/PZDB%20Minutes/07132021%20PZDB%20Minutes.pdf,,2021-07-13,
162,162,Special Meeting Minutes - 2021-07-14,Minutes,07142021 Minutes.pdf,https://estero-fl.gov/wp-content/uploads/library-ada/minutes/2021%20Minutes/COUNCIL/07142021%20Minutes.pdf,,2021-07-14,
163,163,Village Council Meeting Minutes - 2015-07-15,Minutes,071515 Regular Meeting Approved Minutes.pdf,https://estero-fl.gov/wp-content/uploads/library-ada/minutes/2015%20Minutes/Council/071515%20Regular%20Meeting%20Approved%20Minutes.pdf,,2015-07-15,
164,164,Zoning Hearing Minutes - 2020-07-15,Minutes,07152020 Council Meeting Minutes.pdf,https://estero-fl.gov/wp-content/uploads/library-ada/minutes/2020%20Minutes/Council/07152020%20Council%20Meeting%20Minutes.pdf,,2020-07-15,
165,165,Village Council Meeting Minutes - 2017-07-19,Minutes,071917 Council Meeting Approved Minutes.pdf,https://estero-fl.gov/wp-content/uploads/library-ada/minutes/2017%20Minutes/Council/071917%20Council%20Meeting%20Approved%20Minutes.pdf,,2017-07-19,
166,166,Village Council Meeting Minutes - 2022-07-20,Minutes,07202022 minutes.pdf,https://estero-fl.gov/wp-content/uploads/library-ada/minutes/2022%20MINUTES/COUNCIL/07202022%20minutes.pdf,,2022-07-20,
167,167,Village Council Meeting Minutes - 2021-07-21,Minutes,07212021 Minutes.pdf,https://estero-fl.gov/wp-content/uploads/library-ada/minutes/2021%20Minutes/COUNCIL/07212021%20Minutes.pdf,,2021-07-21,
168,168,Village Council Meeting Minutes - 2015-07-22,Minutes,072215 Workshop Approved Minutes.pdf,https://estero-fl.gov/wp-content/uploads/library-ada/minutes/2015%20Minutes/Council/072215%20Workshop%20Approved%20Minutes.pdf,,2015-07-22,
169,169,Village Council Meeting Minutes - 2020-07-22,Minutes,07222020 Council Meeting Minutes.pdf,https://estero-fl.gov/wp-content/uploads/library-ada/minutes/2020%20Minutes/Council/07222020%20Council%20Meeting%20Minutes.pdf,,2020-07-22,
170,170,PZ&DB Meeting Minutes - 2023-07-25,Minutes,07252023 PZDB Minutes.pdf,https://estero-fl.gov/wp-content/uploads/library-ada/minutes/2023%20MINUTES/PZDB/07252023%20PZDB%20Minutes.pdf,,2023-07-25,
171,171,Zoning Hearing Minutes - 2017-07-26,Minutes,072617 Zoning and DRI Development Order Hearing Approved Minutes.pdf,https://estero-fl.gov/wp-content/uploads/library-ada/minutes/2017%20Minutes/Council/072617%20Zoning%20and%20DRI%20Development%20Order%20Hearing%20Approved%20Minutes.pdf,,2017-07-26,
172,172,Special Meeting Minutes - 2023-07-26,Minutes,07262023 minutes.pdf,https://estero-fl.gov/wp-content/uploads/library-ada/minutes/2023%20MINUTES/07262023%20minutes.pdf,,2023-07-26,
173,173,Village Council Meeting Minutes - 2017-08-02,Minutes,080217 Council Meeting Approved Minutes.pdf,https://estero-fl.gov/wp-content/uploads/library-ada/minutes/2017%20Minutes/Council/080217%20Council%20Meeting%20Approved%20Minutes.pdf,,2017-08-02,
174,174,PZ&DB Meeting Minutes - 2023-08-08,Minutes,08082023 PZDB Rescheduled.pdf,https://raw.githubusercontent.com/EagleGIS-FGCU/EagleGIS/script/pdfs/08082023%20PZDB%20Rescheduled.pdf,,2023-08-08,
175,175,PZ&DB Meeting Minutes - 2022-08-09,Minutes,08092022 PZDB Minutes.pdf,https://estero-fl.gov/wp-content/uploads/library-ada/minutes/2022%20MINUTES/PZD%20BOARD/08092022%20PZDB%20Minutes.pdf,,2022-08-09,
176,176,Village Council Meeting Minutes - 2015-08-10,Minutes,081015 Regular Meeting Approved Minutes.pdf,https://estero-fl.gov/wp-content/uploads/library-ada/minutes/2015%20Minutes/Council/081015%20Regular%20Meeting%20Approved%20Minutes.pdf,,2015-08-10,
177,177,PZ&DB Meeting Minutes - 2021-08-10,Minutes,08102021 PZDB Minutes.pdf,https://estero-fl.gov/wp-content/uploads/library-ada/minutes/2021%20Minutes/PZDB%20Minutes/08102021%20PZDB%20Minutes.pdf,,2021-08-10,
178,178,PZ&DB Meeting Minutes - 2025-08-12,Minutes,08122025 PZDB Minutes.pdf,https://estero-fl.gov/wp-content/uploads/library-ada/minutes/2025%20Minutes/PZDB/08122025%20PZDB%20Minutes.pdf,,2025-08-12,
179,179,Cancelled Meeting Notice - 2024-08-13,Minutes,08132024 PZDB cancellation.pdf,https://raw.githubusercontent.com/EagleGIS-FGCU/EagleGIS/script/pdfs/08132024%20PZDB%20cancellation.pdf,,2024-08-13,
180,180,Village Council Meeting Minutes - 2016-08-17,Minutes,081716 Council Meeting Approved Minutes.pdf,https://estero-fl.gov/wp-content/uploads/library-ada/minutes/2016%20Minutes/Council/081716%20Council%20Meeting%20Approved%20Minutes.pdf,,2016-08-17,
181,181,PZ&DB Meeting Minutes - 2023-08-22,Minutes,08222023 PZDB Minutes.pdf,https://estero-fl.gov/wp-content/uploads/library-ada/minutes/2023%20MINUTES/PZDB/08222023%20PZDB%20Minutes.pdf,,2023-08-22,
182,182,PZ&DB Meeting Minutes - 2021-08-24,Minutes,08242021 PZDB Minutes.pdf,https://estero-fl.gov/wp-content/uploads/library-ada/minutes/2021%20Minutes/PZDB%20Minutes/08242021%20PZDB%20Minutes.pdf,,2021-08-24,
183,183,Special Meeting Minutes - 2023-08-29,Minutes,08292023 minutes.pdf,https://estero-fl.gov/wp-content/uploads/library-ada/minutes/2023%20MINUTES/08292023%20minutes.pdf,,2023-08-29,
184,184,Village Council Meeting Minutes - 2016-08-31,Minutes,083116 Council Meeting Approved Minutes.pdf,https://estero-fl.gov/wp-content/uploads/library-ada/minutes/2016%20Minutes/Council/083116%20Council%20Meeting%20Approved%20Minutes.pdf,,2016-08-31,
185,185,Village Council Meeting Minutes - 2015-09-03,Minutes,090315 Regular Meeting Approved Minutes.pdf,https://estero-fl.gov/wp-content/uploads/library-ada/minutes/2015%20Minutes/Council/090315%20Regular%20Meeting%20Approved%20Minutes.pdf,,2015-09-03,
186,186,Special Emergency Meeting Minutes - 2017-09-06,Minutes,090617 Council Special Emergency Meeting Approved Minutes.pdf,https://estero-fl.gov/wp-content/uploads/library-ada/minutes/2017%20Minutes/Council/090617%20Council%20Special%20Emergency%20Meeting%20Approved%20Minutes.pdf,,2017-09-06,
187,187,Village Council Meeting Minutes - 2016-09-07,Minutes,090716 Council Meeting Approved Minutes.pdf,https://estero-fl.gov/wp-content/uploads/library-ada/minutes/2016%20Minutes/Council/090716%20Council%20Meeting%20Approved%20Minutes.pdf,,2016-09-07,
188,188,Village Council Meeting Minutes - 2023-09-07,Minutes,09072023 minutes.pdf,https://estero-fl.gov/wp-content/uploads/library-ada/minutes/2023%20MINUTES/09072023%20minutes.pdf,,2023-09-07,
189,189,Village Council Meeting Minutes - 2022-09-08,Minutes,09082022 minutes.pdf,https://estero-fl.gov/wp-content/uploads/library-ada/minutes/2022%20MINUTES/COUNCIL/09082022%20minutes.pdf,,2022-09-08,
190,190,Village Council Meeting Minutes - 2020-09-09,Minutes,09092020 Council Meeting Minutes.pdf,https://estero-fl.gov/wp-content/uploads/library-ada/minutes/2020%20Minutes/Council/09092020%20Council%20Meeting%20Minutes.pdf,,2020-09-09,
191,191,Village Council Meeting Minutes - 2021-09-09,Minutes,09092021 Minutes.pdf,https://estero-fl.gov/wp-content/uploads/library-ada/minutes/2021%20Minutes/COUNCIL/09092021%20Minutes.pdf,,2021-09-09,
192,192,PZ&DB Meeting Minutes - 2025-09-09,Minutes,09092025 PZDB Minutes.pdf,https://estero-fl.gov/wp-content/uploads/library-ada/minutes/2025%20Minutes/PZDB/09092025%20PZDB%20Minutes.pdf,,2025-09-09,
193,193,PZ&DB Meeting Minutes - 2024-09-10,Minutes,09102024 PZDB Minutes.pdf,https://estero-fl.gov/wp-content/uploads/library-ada/minutes/2024%20Minutes/PZDB/09102024%20PZDB%20Minutes.pdf,,2024-09-10,
194,194,Budget Hearing Minutes - 2025-09-10,Minutes,09102025.pdf,https://estero-fl.gov/wp-content/uploads/library-ada/minutes/2025%20Minutes/Council/09102025.pdf,,2025-09-10,
195,195,Budget Hearing Minutes - 2024-09-11,Minutes,09112024 minutes.pdf,https://estero-fl.gov/wp-content/uploads/library-ada/minutes/2024%20Minutes/09112024%20minutes.pdf,,2024-09-11,
196,196,PZ&DB Meeting Minutes - 2023-09-12,Minutes,09122023 PZDB Minutes.pdf,https://estero-fl.gov/wp-content/uploads/library-ada/minutes/2023%20MINUTES/PZDB/09122023%20PZDB%20Minutes.pdf,,2023-09-12,
197,197,PZ&DB Meeting Minutes - 2022-09-13,Minutes,09132022 PZDB Minutes.pdf,https://estero-fl.gov/wp-content/uploads/library-ada/minutes/2022%20MINUTES/PZD%20BOARD/09132022%20PZDB%20Minutes.pdf,,2022-09-13,
198,198,PZ&DB Meeting Minutes - 2021-09-14,Minutes,09142021 PZDB Minutes.pdf,https://estero-fl.gov/wp-content/uploads/library-ada/minutes/2021%20Minutes/PZDB%20Minutes/09142021%20PZDB%20Minutes.pdf,,2021-09-14,
199,199,Village Council Meeting Minutes - 2015-09-16,Minutes,091615 Regular Meeting Approved Minutes.pdf,https://estero-fl.gov/wp-content/uploads/library-ada/minutes/2015%20Minutes/Council/091615%20Regular%20Meeting%20Approved%20Minutes.pdf,,2015-09-16,
200,200,Village Council Meeting Minutes - 2015-09-17,Minutes,091715 Workshop Approved Minutes.pdf,https://estero-fl.gov/wp-content/uploads/library-ada/minutes/2015%20Minutes/Council/091715%20Workshop%20Approved%20Minutes.pdf,,2015-09-17,
201,201,Budget Hearing Minutes - 2025-09-17,Minutes,09172025.pdf,https://estero-fl.gov/wp-content/uploads/library-ada/minutes/2025%20Minutes/Council/09172025.pdf,,2025-09-17,
202,202,Budget Hearing Minutes - 2024-09-18,Minutes,09182024 minutes.pdf,https://estero-fl.gov/wp-content/uploads/library-ada/minutes/2024%20Minutes/09182024%20minutes.pdf,,2024-09-18,
203,203,Village Council Meeting Minutes - 2017-09-20,Minutes,092017 Council Meeting Approved Minutes.pdf,https://estero-fl.gov/wp-content/uploads/library-ada/minutes/2017%20Minutes/Council/092017%20Council%20Meeting%20Approved%20Minutes.pdf,,2017-09-20,
204,204,Village Council Meeting Minutes - 2016-09-21,Minutes,092116 Council Meeting Approved Minutes.pdf,https://estero-fl.gov/wp-content/uploads/library-ada/minutes/2016%20Minutes/Council/092116%20Council%20Meeting%20Approved%20Minutes.pdf,,2016-09-21,
205,205,Village Council Meeting Minutes - 2022-09-21,Minutes,09212022 minutes.pdf,https://estero-fl.gov/wp-content/uploads/library-ada/minutes/2022%20MINUTES/COUNCIL/09212022%20minutes.pdf,,2022-09-21,
206,206,Village Council Meeting Minutes - 2021-09-22,Minutes,09222021 minutes.pdf,https://estero-fl.gov/wp-content/uploads/library-ada/minutes/2021%20Minutes/COUNCIL/09222021%20minutes.pdf,,2021-09-22,
207,207,Budget Hearing Minutes - 2023-09-22,Minutes,09222023 minutes.pdf,https://estero-fl.gov/wp-content/uploads/library-ada/minutes/2023%20MINUTES/09222023%20minutes.pdf,,2023-09-22,
208,208,Village Council Meeting Minutes - 2015-09-23,Minutes,09232015 minutes.pdf,https://estero-fl.gov/wp-content/uploads/library-ada/minutes/2015%20Minutes/Council/09232015%20minutes.pdf,,2015-09-23,
209,209,Village Council Meeting Minutes - 2020-09-23,Minutes,09232020 Council Meeting Minutes.pdf,https://estero-fl.gov/wp-content/uploads/library-ada/minutes/2020%20Minutes/Council/09232020%20Council%20Meeting%20Minutes.pdf,,2020-09-23,
210,210,Budget Hearing Minutes - 2017-09-26,Minutes,092617 Council Special Meeting Budget Hearing Approved Minutes.pdf,https://estero-fl.gov/wp-content/uploads/library-ada/minutes/2017%20Minutes/Council/092617%20Council%20Special%20Meeting%20Budget%20Hearing%20Approved%20Minutes.pdf,,2017-09-26,
211,211,Cancelled Meeting Notice - 2022-09-27,Minutes,09272022 PZDB cancellation.pdf,https://raw.githubusercontent.com/EagleGIS-FGCU/EagleGIS/script/pdfs/09272022%20PZDB%20cancellation.pdf,,2022-09-27,
212,212,Special Meeting Minutes - 2022-09-27,Minutes,09272022 minutes.pdf,https://estero-fl.gov/wp-content/uploads/library-ada/minutes/2022%20MINUTES/COUNCIL/09272022%20minutes.pdf,,2022-09-27,
213,213,PZ&DB Meeting Minutes - 2021-09-28,Minutes,09282021 PZDB Minutes.pdf,https://estero-fl.gov/wp-content/uploads/library-ada/minutes/2021%20Minutes/PZDB%20Minutes/09282021%20PZDB%20Minutes.pdf,,2021-09-28,
214,214,Village Council Meeting Minutes - 2025-10-01,Minutes,10012025.pdf,https://estero-fl.gov/wp-content/uploads/library-ada/minutes/2025%20Minutes/Council/10012025.pdf,,2025-10-01,
215,215,Village Council Meeting Minutes - 2020-10-02,Minutes,10022020 Council Meeting Minutes.pdf,https://estero-fl.gov/wp-content/uploads/library-ada/minutes/2020%20Minutes/Council/10022020%20Council%20Meeting%20Minutes.pdf,,2020-10-02,
216,216,Village Council Meeting Minutes - 2024-10-02,Minutes,10022024 minutes.pdf,https://estero-fl.gov/wp-content/uploads/library-ada/minutes/2024%20Minutes/10022024%20minutes.pdf,,2024-10-02,
217,217,Village Council Meeting Minutes - 2017-10-04,Minutes,100417 Council Meeting Approved Minutes.pdf,https://estero-fl.gov/wp-content/uploads/library-ada/minutes/2017%20Minutes/Council/100417%20Council%20Meeting%20Approved%20Minutes.pdf,,2017-10-04,
218,218,Village Council Meeting Minutes - 2023-10-04,Minutes,10042023 minutes.pdf,https://estero-fl.gov/wp-content/uploads/library-ada/minutes/2023%20MINUTES/10042023%20minutes.pdf,,2023-10-04,
219,219,Village Council Meeting Minutes - 2016-10-05,Minutes,100516 Council Meeting Approved Minutes.pdf,https://estero-fl.gov/wp-content/uploads/library-ada/minutes/2016%20Minutes/Council/100516%20Council%20Meeting%20Approved%20Minutes.pdf,,2016-10-05,
220,220,Village Council Meeting Minutes - 2015-10-07,Minutes,100715 Regular Meeting Approved Minutes.pdf,https://estero-fl.gov/wp-content/uploads/library-ada/minutes/2015%20Minutes/Council/100715%20Regular%20Meeting%20Approved%20Minutes.pdf,,2015-10-07,
221,221,Village Council Meeting Minutes - 2020-10-07,Minutes,10072020 Council Meeting Minutes.pdf,https://estero-fl.gov/wp-content/uploads/library-ada/minutes/2020%20Minutes/Council/10072020%20Council%20Meeting%20Minutes.pdf,,2020-10-07,
222,222,Cancelled Meeting Notice - 2024-10-08,Minutes,10082024 PZDB cancellation.pdf,https://estero-fl.gov/wp-content/uploads/library-ada/minutes/2024%20Minutes/PZDB/10082024%20PZDB%20cancellation.pdf,,2024-10-08,
223,223,Village Council Meeting Minutes - 2015-10-09,Minutes,100915 Workshop Approved Minutes.pdf,https://estero-fl.gov/wp-content/uploads/library-ada/minutes/2015%20Minutes/Council/100915%20Workshop%20Approved%20Minutes.pdf,,2015-10-09,
224,224,PZ&DB Meeting Minutes - 2023-10-10,Minutes,10102023 PZDB Minutes.pdf,https://estero-fl.gov/wp-content/uploads/library-ada/minutes/2023%20MINUTES/PZDB/10102023%20PZDB%20Minutes.pdf,,2023-10-10,
225,225,Cancelled Meeting Notice - 2022-10-11,Minutes,10112022 PZDB cancellation.pdf,https://raw.githubusercontent.com/EagleGIS-FGCU/EagleGIS/script/pdfs/10112022%20PZDB%20cancellation.pdf,,2022-10-11,
226,226,PZ&DB Meeting Minutes - 2021-10-12,Minutes,10122021 PZDB Minutes.pdf,https://estero-fl.gov/wp-content/uploads/library-ada/minutes/2021%20Minutes/PZDB%20Minutes/10122021%20PZDB%20Minutes.pdf,,2021-10-12,
227,227,PZ&DB Meeting Minutes - 2025-10-14,Minutes,10142025 PZDB Minutes.pdf,https://estero-fl.gov/wp-content/uploads/library-ada/minutes/2025%20Minutes/PZDB/10142025%20PZDB%20Minutes.pdf,,2025-10-14,
228,228,Village Council Meeting Minutes - 2025-10-15,Minutes,10152025.pdf,https://estero-fl.gov/wp-content/uploads/library-ada/minutes/2025%20Minutes/Council/10152025.pdf,,2025-10-15,
229,229,Village Council Meeting Minutes - 2024-10-16,Minutes,10162024  Minutes.pdf,https://estero-fl.gov/wp-content/uploads/library-ada/minutes/2024%20Minutes/10162024%20%20Minutes.pdf,,2024-10-16,
230,230,Village Council Meeting Minutes - 2017-10-18,Minutes,101817 Council Meeting Approved Minutes.pdf,https://estero-fl.gov/wp-content/uploads/library-ada/minutes/2017%20Minutes/Council/101817%20Council%20Meeting%20Approved%20Minutes.pdf,,2017-10-18,
231,231,Village Council Meeting Minutes - 2023-10-18,Minutes,10182023 minutes.pdf,https://estero-fl.gov/wp-content/uploads/library-ada/minutes/2023%20MINUTES/10182023%20minutes.pdf,,2023-10-18,
232,232,Village Council Meeting Minutes - 2016-10-19,Minutes,101916 Council Meeting Approved Minutes.pdf,https://estero-fl.gov/wp-content/uploads/library-ada/minutes/2016%20Minutes/Council/101916%20Council%20Meeting%20Approved%20Minutes.pdf,,2016-10-19,
233,233,Village Council Meeting Minutes - 2022-10-19,Minutes,10192022 minutes.pdf,https://estero-fl.gov/wp-content/uploads/library-ada/minutes/2022%20MINUTES/COUNCIL/10192022%20minutes.pdf,,2022-10-19,
234,234,Village Council Meeting Minutes - 2021-10-20,Minutes,10202021 minutes.pdf,https://estero-fl.gov/wp-content/uploads/library-ada/minutes/2021%20Minutes/COUNCIL/10202021%20minutes.pdf,,2021-10-20,
235,235,Village Council Meeting Minutes - 2015-10-21,Minutes,102115 Regular Meeting Approved Minutes.pdf,https://estero-fl.gov/wp-content/uploads/library-ada/minutes/2015%20Minutes/Council/102115%20Regular%20Meeting%20Approved%20Minutes.pdf,,2015-10-21,
236,236,Village Council Meeting Minutes - 2020-10-21,Minutes,10212020 Council Meeting Minutes.pdf,https://estero-fl.gov/wp-content/uploads/library-ada/minutes/2020%20Minutes/Council/10212020%20Council%20Meeting%20Minutes.pdf,,2020-10-21,
237,237,Zoning Hearing and Workshop Minutes - 2017-10-25,Minutes,102517 Council Zoning Hearing and Comp Plan Workshop Approved Minutes.pdf,https://estero-fl.gov/wp-content/uploads/library-ada/minutes/2017%20Minutes/Council/102517%20Council%20Zoning%20Hearing%20and%20Comp%20Plan%20Workshop%20Approved%20Minutes.pdf,,2017-10-25,
238,238,PZ&DB Meeting Minutes - 2022-10-25,Minutes,10252022 PZDB Minutes.pdf,https://estero-fl.gov/wp-content/uploads/library-ada/minutes/2022%20MINUTES/PZD%20BOARD/10252022%20PZDB%20Minutes.pdf,,2022-10-25,
239,239,Village Council Meeting Minutes - 2021-10-27,Minutes,10272021 minutes.pdf,https://estero-fl.gov/wp-content/uploads/library-ada/minutes/2021%20Minutes/COUNCIL/10272021%20minutes.pdf,,2021-10-27,
240,240,Village Council Meeting Minutes - 2015-10-28,Minutes,102815 Workshop Approved Minutes.pdf,https://estero-fl.gov/wp-content/uploads/library-ada/minutes/2015%20Minutes/Council/102815%20Workshop%20Approved%20Minutes.pdf,,2015-10-28,
241,241,PZ&DB Meeting Minutes - 2024-10-29,Minutes,10292024 PZDB Minutes.pdf,https://estero-fl.gov/wp-content/uploads/library-ada/minutes/2024%20Minutes/PZDB/10292024%20PZDB%20Minutes.pdf,,2024-10-29,
242,242,Village Council Meeting Minutes - 2017-11-01,Minutes,110117 Council Meeting Approved Minutes.pdf,https://estero-fl.gov/wp-content/uploads/library-ada/minutes/2017%20Minutes/Council/110117%20Council%20Meeting%20Approved%20Minutes.pdf,,2017-11-01,
243,243,Village Council Meeting Minutes - 2023-11-01,Minutes,11012023 minutes.pdf,https://estero-fl.gov/wp-content/uploads/library-ada/minutes/2023%20MINUTES/11012023%20minutes.pdf,,2023-11-01,
244,244,Village Council Meeting Minutes - 2016-11-02,Minutes,110216 Council Meeting Approved Minutes.pdf,https://estero-fl.gov/wp-content/uploads/library-ada/minutes/2016%20Minutes/Council/110216%20Council%20Meeting%20Approved%20Minutes.pdf,,2016-11-02,
245,245,Village Council Meeting Minutes - 2022-11-02,Minutes,11022022 minutes.pdf,https://estero-fl.gov/wp-content/uploads/library-ada/minutes/2022%20MINUTES/COUNCIL/11022022%20minutes.pdf,,2022-11-02,
246,246,Village Council Meeting Minutes - 2021-11-03,Minutes,11032021 minutes.pdf,https://estero-fl.gov/wp-content/uploads/library-ada/minutes/2021%20Minutes/COUNCIL/11032021%20minutes.pdf,,2021-11-03,
247,247,Village Council Meeting Minutes - 2020-11-04,Minutes,11042020 Council Meeting Minutes.pdf,https://estero-fl.gov/wp-content/uploads/library-ada/minutes/2020%20Minutes/Council/11042020%20Council%20Meeting%20Minutes.pdf,,2020-11-04,
248,248,Village Council Meeting Minutes - 2025-11-05,Minutes,11052025.pdf,https://estero-fl.gov/wp-content/uploads/library-ada/minutes/2025%20Minutes/Council/11052025.pdf,,2025-11-05,
249,249,Village Council Meeting Minutes - 2024-11-06,Minutes,11062024 minutes.pdf,https://estero-fl.gov/wp-content/uploads/library-ada/minutes/2024%20Minutes/11062024%20minutes.pdf,,2024-11-06,
250,250,PZ&DB Meeting Minutes - 2022-11-08,Minutes,11082022 PZDB Minutes.pdf,https://estero-fl.gov/wp-content/uploads/library-ada/minutes/2022%20MINUTES/PZD%20BOARD/11082022%20PZDB%20Minutes.pdf,,2022-11-08,
251,251,PZ&DB Meeting Minutes - 2021-11-09,Minutes,11092021 PZDB Minutes.pdf,https://estero-fl.gov/wp-content/uploads/library-ada/minutes/2021%20Minutes/PZDB%20Minutes/11092021%20PZDB%20Minutes.pdf,,2021-11-09,
252,252,Village Council Meeting Minutes - 2022-11-09,Minutes,11092022 minutes.pdf,https://estero-fl.gov/wp-content/uploads/library-ada/minutes/2022%20MINUTES/COUNCIL/11092022%20minutes.pdf,,2022-11-09,
253,253,PZ&DB Meeting Minutes - 2024-11-12,Minutes,11122024 PZDB Minutes.pdf,https://estero-fl.gov/wp-content/uploads/library-ada/minutes/2024%20Minutes/PZDB/11122024%20PZDB%20Minutes.pdf,,2024-11-12,
254,254,Special Meeting Minutes - 2015-11-13,Minutes,11132015 minutes.pdf,https://estero-fl.gov/wp-content/uploads/library-ada/minutes/2015%20Minutes/Council/11132015%20minutes.pdf,,2015-11-13,
255,255,PZ&DB Meeting Minutes - 2023-11-14,Minutes,11142023 PZDB Minutes.pdf,https://estero-fl.gov/wp-content/uploads/library-ada/minutes/2023%20MINUTES/PZDB/11142023%20PZDB%20Minutes.pdf,,2023-11-14,
256,256,Village Council Meeting Minutes - 2017-11-15,Minutes,111517 Council Meeting Approved Minutes.pdf,https://estero-fl.gov/wp-content/uploads/library-ada/minutes/2017%20Minutes/Council/111517%20Council%20Meeting%20Approved%20Minutes.pdf,,2017-11-15,
257,257,Village Council Meeting Minutes - 2023-11-15,Minutes,11152023 minutes.pdf,https://estero-fl.gov/wp-content/uploads/library-ada/minutes/2023%20MINUTES/11152023%20minutes.pdf,,2023-11-15,
258,258,Village Council Meeting Minutes - 2015-11-16,Minutes,111615 Workshop Approved Minutes.pdf,https://estero-fl.gov/wp-content/uploads/library-ada/minutes/2015%20Minutes/Council/111615%20Workshop%20Approved%20Minutes.pdf,,2015-11-16,
259,259,Village Council Meeting Minutes - 2016-11-16,Minutes,111616 Council Meeting Approved Minutes.pdf,https://estero-fl.gov/wp-content/uploads/library-ada/minutes/2016%20Minutes/Council/111616%20Council%20Meeting%20Approved%20Minutes.pdf,,2016-11-16,
260,260,Village Council Meeting Minutes - 2022-11-16,Minutes,11162022 minutes.pdf,https://estero-fl.gov/wp-content/uploads/library-ada/minutes/2022%20MINUTES/COUNCIL/11162022%20minutes.pdf,,2022-11-16,
261,261,Village Council Meeting Minutes - 2021-11-17,Minutes,11172021 minutes.pdf,https://estero-fl.gov/wp-content/uploads/library-ada/minutes/2021%20Minutes/COUNCIL/11172021%20minutes.pdf,,2021-11-17,
262,262,Village Council Meeting Minutes - 2015-11-18,Minutes,111815 Regular Meeting Approved Minutes.pdf,https://estero-fl.gov/wp-content/uploads/library-ada/minutes/2015%20Minutes/Council/111815%20Regular%20Meeting%20Approved%20Minutes.pdf,,2015-11-18,
263,263,Village Council Meeting Minutes - 2020-11-18,Minutes,11182020 Council Meeting Minutes.pdf,https://estero-fl.gov/wp-content/uploads/library-ada/minutes/2020%20Minutes/Council/11182020%20Council%20Meeting%20Minutes.pdf,,2020-11-18,
264,264,PZ&DB Meeting Minutes - 2025-11-18,Minutes,11182025 PZDB Minutes.pdf,https://estero-fl.gov/wp-content/uploads/library-ada/minutes/2025%20Minutes/PZDB/11182025%20PZDB%20Minutes.pdf,,2025-11-18,
265,265,Village Council Meeting Minutes - 2025-11-19,Minutes,11192025.pdf,https://estero-fl.gov/wp-content/uploads/library-ada/minutes/2025%20Minutes/Council/11192025.pdf,,2025-11-19,
266,266,Village Council Meeting Minutes - 2024-11-20,Minutes,11202024 minutes.pdf,https://estero-fl.gov/wp-content/uploads/library-ada/minutes/2024%20Minutes/11202024%20minutes.pdf,,2024-11-20,
267,267,Village Council Meeting Minutes - 2015-11-23,Minutes,112315 Workshop Approved Minutes.pdf,https://estero-fl.gov/wp-content/uploads/library-ada/minutes/2015%20Minutes/Council/112315%20Workshop%20Approved%20Minutes.pdf,,2015-11-23,
268,268,Comprehensive Plan Workshop Minutes - 2017-11-29,Minutes,112917 Council Comp Plan Workshop Approved Minutes.pdf,https://estero-fl.gov/wp-content/uploads/library-ada/minutes/2017%20Minutes/Council/112917%20Council%20Comp%20Plan%20Workshop%20Approved%20Minutes.pdf,,2017-11-29,
269,269,Village Council Meeting Minutes - 2023-01-18,Minutes,1182023 minutes.pdf,https://estero-fl.gov/wp-content/uploads/library-ada/minutes/2023%20MINUTES/1182023%20minutes.pdf,,2023-01-18,
270,270,Village Council Meeting Minutes - 2021-12-01,Minutes,12012021 minutes.pdf,https://estero-fl.gov/wp-content/uploads/library-ada/minutes/2021%20Minutes/COUNCIL/12012021%20minutes.pdf,,2021-12-01,
271,271,Village Council Meeting Minutes - 2015-12-02,Minutes,120215 Regular Meeting Approved Minutes.pdf,https://estero-fl.gov/wp-content/uploads/library-ada/minutes/2015%20Minutes/Council/120215%20Regular%20Meeting%20Approved%20Minutes.pdf,,2015-12-02,
272,272,Village Council Meeting Minutes - 2020-12-02,Minutes,12022020 Council Meeting Minutes.pdf,https://estero-fl.gov/wp-content/uploads/library-ada/minutes/2020%20Minutes/Council/12022020%20Council%20Meeting%20Minutes.pdf,,2020-12-02,
273,273,Village Council Meeting Minutes - 2025-12-03,Minutes,12032025.pdf,https://estero-fl.gov/wp-content/uploads/library-ada/minutes/2025%20Minutes/Council/12032025.pdf,,2025-12-03,
274,274,Village Council Meeting Minutes - 2024-12-04,Minutes,12042024 minutes.pdf,https://estero-fl.gov/wp-content/uploads/library-ada/minutes/2024%20Minutes/12042024%20minutes.pdf,,2024-12-04,
275,275,Village Council Meeting Minutes - 2017-12-06,Minutes,120617 Council Meeting Approved Minutes.pdf,https://estero-fl.gov/wp-content/uploads/library-ada/minutes/2017%20Minutes/Council/120617%20Council%20Meeting%20Approved%20Minutes.pdf,,2017-12-06,
276,276,Village Council Meeting Minutes - 2023-12-06,Minutes,12062023 minutes.pdf,https://estero-fl.gov/wp-content/uploads/library-ada/minutes/2023%20MINUTES/12062023%20minutes.pdf,,2023-12-06,
277,277,Village Council Meeting Minutes - 2016-12-07,Minutes,120716 Council Meeting Approved Minutes.pdf,https://estero-fl.gov/wp-content/uploads/library-ada/minutes/2016%20Minutes/Council/120716%20Council%20Meeting%20Approved%20Minutes.pdf,,2016-12-07,
278,278,Village Council Meeting Minutes - 2022-12-07,Minutes,12072022 minutes.pdf,https://estero-fl.gov/wp-content/uploads/library-ada/minutes/2022%20MINUTES/COUNCIL/12072022%20minutes.pdf,,2022-12-07,
279,279,Village Council Meeting Minutes - 2020-12-09,Minutes,12092020 Council Meeting Minutes.pdf,https://estero-fl.gov/wp-content/uploads/library-ada/minutes/2020%20Minutes/Council/12092020%20Council%20Meeting%20Minutes.pdf,,2020-12-09,
280,280,PZ&DB Meeting Minutes - 2025-12-09,Minutes,12092025 PZDB Minutes.pdf,https://estero-fl.gov/wp-content/uploads/library-ada/minutes/2025%20Minutes/PZDB/12092025%20PZDB%20Minutes.pdf,,2025-12-09,
281,281,PZ&DB Meeting Minutes - 2024-12-10,Minutes,12102024 PZDB Minutes.pdf,https://estero-fl.gov/wp-content/uploads/library-ada/minutes/2024%20Minutes/PZDB/12102024%20PZDB%20Minutes.pdf,,2024-12-10,
282,282,Village Council Meeting Minutes - 2015-12-11,Minutes,121115 Workshop Approved Minutes.pdf,https://estero-fl.gov/wp-content/uploads/library-ada/minutes/2015%20Minutes/Council/121115%20Workshop%20Approved%20Minutes.pdf,,2015-12-11,
283,283,PZ&DB Meeting Minutes - 2023-12-12,Minutes,12122023 PZDB Minutes.pdf,https://estero-fl.gov/wp-content/uploads/library-ada/minutes/2023%20MINUTES/PZDB/12122023%20PZDB%20Minutes.pdf,,2023-12-12,
284,284,PZ&DB Meeting Minutes - 2022-12-13,Minutes,12132022 PZDB Minutes.pdf,https://estero-fl.gov/wp-content/uploads/library-ada/minutes/2022%20MINUTES/PZD%20BOARD/12132022%20PZDB%20Minutes.pdf,,2022-12-13,
285,285,Village Council Meeting Minutes - 2023-12-13,Minutes,12132023 minutes.pdf,https://estero-fl.gov/wp-content/uploads/library-ada/minutes/2023%20MINUTES/12132023%20minutes.pdf,,2023-12-13,
286,286,PZ&DB Meeting Minutes - 2021-12-14,Minutes,12142021 PZDB Minutes.pdf,https://estero-fl.gov/wp-content/uploads/library-ada/minutes/2021%20Minutes/PZDB%20Minutes/12142021%20PZDB%20Minutes.pdf,,2021-12-14,
287,287,PZ&DB Meeting Minutes - 2026-12-15,Minutes,12152026 PZDB Minutes.pdf,https://raw.githubusercontent.com/EagleGIS-FGCU/EagleGIS/script/pdfs/12152026%20PZDB%20Minutes.pdf,,2026-12-15,
288,288,Village Council Meeting Minutes - 2015-12-16,Minutes,121615 Regular Meeting Approved Minutes.pdf,https://estero-fl.gov/wp-content/uploads/library-ada/minutes/2015%20Minutes/Council/121615%20Regular%20Meeting%20Approved%20Minutes.pdf,,2015-12-16,
289,289,Village Council Meeting Minutes - 2025-12-17,Minutes,12172025.pdf,https://estero-fl.gov/wp-content/uploads/library-ada/minutes/2025%20Minutes/Council/12172025.pdf,,2025-12-17,
290,290,Village Council Meeting Minutes - 2024-12-18,Minutes,12182024 minutes.pdf,https://estero-fl.gov/wp-content/uploads/library-ada/minutes/2024%20Minutes/12182024%20minutes.pdf,,2024-12-18,
291,291,Village Council Meeting Minutes - 2016-12-20,Minutes,122016 Council Meeting Approved Minutes.pdf,https://estero-fl.gov/wp-content/uploads/library-ada/minutes/2016%20Minutes/Council/122016%20Council%20Meeting%20Approved%20Minutes.pdf,,2016-12-20,
292,292,Village Council Meeting Minutes - 2020-12-30,Minutes,12302020 Council Meeting Minutes.pdf,https://estero-fl.gov/wp-content/uploads/library-ada/minutes/2020%20Minutes/Council/12302020%20Council%20Meeting%20Minutes.pdf,,2020-12-30,
293,293,Village Council Meeting Minutes - 2019-01-09,Minutes,2019-01-09 Council Meeting Approved Minutes.pdf,https://estero-fl.gov/wp-content/uploads/library-ada/minutes/2019%20MINUTES/Council/2019-01-09%20Council%20Meeting%20Approved%20Minutes.pdf,,2019-01-09,
294,294,Village Council Meeting Minutes - 2019-01-23,Minutes,2019-01-23 Council Meeting Approved Minutes.pdf,https://estero-fl.gov/wp-content/uploads/library-ada/minutes/2019%20MINUTES/Council/2019-01-23%20Council%20Meeting%20Approved%20Minutes.pdf,,2019-01-23,
295,295,Village Council Meeting Minutes - 2019-01-30,Minutes,2019-01-30 Council Meeting Approved Minutes.pdf,https://estero-fl.gov/wp-content/uploads/library-ada/minutes/2019%20MINUTES/Council/2019-01-30%20Council%20Meeting%20Approved%20Minutes.pdf,,2019-01-30,
296,296,Village Council Meeting Minutes - 2019-02-06,Minutes,2019-02-06 Council Meeting Approved Minutes.pdf,https://estero-fl.gov/wp-content/uploads/library-ada/minutes/2019%20MINUTES/Council/2019-02-06%20Council%20Meeting%20Approved%20Minutes.pdf,,2019-02-06,
297,297,Village Council Meeting Minutes - 2019-02-20,Minutes,2019-02-20 Council Meeting Approved Minutes.pdf,https://estero-fl.gov/wp-content/uploads/library-ada/minutes/2019%20MINUTES/Council/2019-02-20%20Council%20Meeting%20Approved%20Minutes.pdf,,2019-02-20,
298,298,Village Council Meeting Minutes - 2019-03-06,Minutes,2019-03-06 Council Meeting Approved Minutes.pdf,https://estero-fl.gov/wp-content/uploads/library-ada/minutes/2019%20MINUTES/Council/2019-03-06%20Council%20Meeting%20Approved%20Minutes.pdf,,2019-03-06,
299,299,Village Council Meeting Minutes - 2019-03-20,Minutes,2019-03-20 Council Meeting Approved Minutes.pdf,https://estero-fl.gov/wp-content/uploads/library-ada/minutes/2019%20MINUTES/Council/2019-03-20%20Council%20Meeting%20Approved%20Minutes.pdf,,2019-03-20,
300,300,Village Council Meeting Minutes - 2019-04-03,Minutes,2019-04-03 Council Meeting Approved Minutes.pdf,https://estero-fl.gov/wp-content/uploads/library-ada/minutes/2019%20MINUTES/Council/2019-04-03%20Council%20Meeting%20Approved%20Minutes.pdf,,2019-04-03,
301,301,Village Council Meeting Minutes - 2019-04-24,Minutes,2019-04-24 Council Meeting Approved Minutes.pdf,https://estero-fl.gov/wp-content/uploads/library-ada/minutes/2019%20MINUTES/Council/2019-04-24%20Council%20Meeting%20Approved%20Minutes.pdf,,2019-04-24,
302,302,Village Council Meeting Minutes - 2019-05-01,Minutes,2019-05-01 Council Meeting Approved Minutes.pdf,https://estero-fl.gov/wp-content/uploads/library-ada/minutes/2019%20MINUTES/Council/2019-05-01%20Council%20Meeting%20Approved%20Minutes.pdf,,2019-05-01,
303,303,Village Council Meeting Minutes - 2019-05-15,Minutes,2019-05-15 Council Meeting Approved Minutes.pdf,https://estero-fl.gov/wp-content/uploads/library-ada/minutes/2019%20MINUTES/Council/2019-05-15%20Council%20Meeting%20Approved%20Minutes.pdf,,2019-05-15,
304,304,Village Council Meeting Minutes - 2019-06-05,Minutes,2019-06-05 Council Meeting Approved Minutes.pdf,https://estero-fl.gov/wp-content/uploads/library-ada/minutes/2019%20MINUTES/Council/2019-06-05%20Council%20Meeting%20Approved%20Minutes.pdf,,2019-06-05,
305,305,Village Council Meeting Minutes - 2019-06-26,Minutes,2019-06-26 Council Meeting Approved Minutes.pdf,https://estero-fl.gov/wp-content/uploads/library-ada/minutes/2019%20MINUTES/Council/2019-06-26%20Council%20Meeting%20Approved%20Minutes.pdf,,2019-06-26,
306,306,Village Council Meeting Minutes - 2019-07-10,Minutes,2019-07-10 Council Meeting Approved Minutes.pdf,https://estero-fl.gov/wp-content/uploads/library-ada/minutes/2019%20MINUTES/Council/2019-07-10%20Council%20Meeting%20Approved%20Minutes.pdf,,2019-07-10,
307,307,Village Council Meeting Minutes - 2019-07-24,Minutes,2019-07-24 Council Meeting Approved Minutes.pdf,https://estero-fl.gov/wp-content/uploads/library-ada/minutes/2019%20MINUTES/Council/2019-07-24%20Council%20Meeting%20Approved%20Minutes.pdf,,2019-07-24,
308,308,Village Council Meeting Minutes - 2019-09-04,Minutes,2019-09-04 Council Meeting Approved Minutes.pdf,https://estero-fl.gov/wp-content/uploads/library-ada/minutes/2019%20MINUTES/Council/2019-09-04%20Council%20Meeting%20Approved%20Minutes.pdf,,2019-09-04,
309,309,Village Council Meeting Minutes - 2019-09-18,Minutes,2019-09-18 Council Meeting Approved Minutes.pdf,https://estero-fl.gov/wp-content/uploads/library-ada/minutes/2019%20MINUTES/Council/2019-09-18%20Council%20Meeting%20Approved%20Minutes.pdf,,2019-09-18,
310,310,Village Council Meeting Minutes - 2019-09-25,Minutes,2019-09-25 Council Meeting Approved Minutes.pdf,https://estero-fl.gov/wp-content/uploads/library-ada/minutes/2019%20MINUTES/Council/2019-09-25%20Council%20Meeting%20Approved%20Minutes.pdf,,2019-09-25,
311,311,Village Council Meeting Minutes - 2019-10-02,Minutes,201910-02 Council Meeting Approved Minutes.pdf,https://estero-fl.gov/wp-content/uploads/library-ada/minutes/2019%20MINUTES/Council/201910-02%20Council%20Meeting%20Approved%20Minutes.pdf,,2019-10-02,
312,312,Village Council Meeting Minutes - 2019-10-16,Minutes,20191016 Council Meeting Approved Minutes.pdf,https://estero-fl.gov/wp-content/uploads/library-ada/minutes/2019%20MINUTES/Council/20191016%20Council%20Meeting%20Approved%20Minutes.pdf,,2019-10-16,
313,313,Village Council Meeting Minutes - 2019-11-06,Minutes,20191106 Council Meeting Approved Minutes.pdf,https://estero-fl.gov/wp-content/uploads/library-ada/minutes/2019%20MINUTES/Council/20191106%20Council%20Meeting%20Approved%20Minutes.pdf,,2019-11-06,
314,314,Village Council Meeting Minutes - 2019-11-20,Minutes,20191120 Council Meeting Approved Minutes.pdf,https://estero-fl.gov/wp-content/uploads/library-ada/minutes/2019%20MINUTES/Council/20191120%20Council%20Meeting%20Approved%20Minutes.pdf,,2019-11-20,
315,315,Village Council Meeting Minutes - 2019-12-04,Minutes,20191204 Council Meeting Approved Minutes.pdf,https://estero-fl.gov/wp-content/uploads/library-ada/minutes/2019%20MINUTES/Council/20191204%20Council%20Meeting%20Approved%20Minutes.pdf,,2019-12-04,
316,316,Village Council Meeting Minutes - 2019-12-18,Minutes,20191218 Council Meeting Approved Minutes.pdf,https://estero-fl.gov/wp-content/uploads/library-ada/minutes/2019%20MINUTES/Council/20191218%20Council%20Meeting%20Approved%20Minutes.pdf,,2019-12-18,
317,317,Village Council Meeting Minutes - 2020-01-08,Minutes,2020-01-08 Council Meeting Approved Minutes.pdf,https://estero-fl.gov/wp-content/uploads/library-ada/minutes/2020%20Minutes/Council/2020-01-08%20Council%20Meeting%20Approved%20Minutes.pdf,,2020-01-08,
318,318,Village Council Meeting Minutes - 2020-01-22,Minutes,2020-01-22 Council Meeting Approved Minutes.pdf,https://estero-fl.gov/wp-content/uploads/library-ada/minutes/2020%20Minutes/Council/2020-01-22%20Council%20Meeting%20Approved%20Minutes.pdf,,2020-01-22,
319,319,Zoning Hearing Minutes - 2020-01-29,Minutes,2020-01-29 Council Meeting Approved Minutes.pdf,https://estero-fl.gov/wp-content/uploads/library-ada/minutes/2020%20Minutes/Council/2020-01-29%20Council%20Meeting%20Approved%20Minutes.pdf,,2020-01-29,
320,320,Village Council Meeting Minutes - 2020-02-05,Minutes,2020-02-05 Council Meeting Approved Minutes.pdf,https://estero-fl.gov/wp-content/uploads/library-ada/minutes/2020%20Minutes/Council/2020-02-05%20Council%20Meeting%20Approved%20Minutes.pdf,,2020-02-05,
321,321,Village Council Meeting Minutes - 2020-02-19,Minutes,2020-02-19 Council Meeting Approved Minutes.pdf,https://estero-fl.gov/wp-content/uploads/library-ada/minutes/2020%20Minutes/Council/2020-02-19%20Council%20Meeting%20Approved%20Minutes.pdf,,2020-02-19,
322,322,Village Council Meeting Minutes - 2020-03-04,Minutes,2020-03-04 Council Meeting Approved Minutes.pdf,https://estero-fl.gov/wp-content/uploads/library-ada/minutes/2020%20Minutes/Council/2020-03-04%20Council%20Meeting%20Approved%20Minutes.pdf,,2020-03-04,
323,323,Village Council Meeting Minutes - 2020-03-18,Minutes,2020-03-18 Council Meeting Approved Minutes.pdf,https://estero-fl.gov/wp-content/uploads/library-ada/minutes/2020%20Minutes/Council/2020-03-18%20Council%20Meeting%20Approved%20Minutes.pdf,,2020-03-18,
324,324,Village Council Workshop Minutes - 2020-04-22,Minutes,2020-04-22 Council Meeting Approved Minutes.pdf,https://estero-fl.gov/wp-content/uploads/library-ada/minutes/2020%20Minutes/Council/2020-04-22%20Council%20Meeting%20Approved%20Minutes.pdf,,2020-04-22,
325,325,Village Council Meeting Minutes - 2020-05-27,Minutes,2020-05-27 Council Meeting Minutes.pdf,https://estero-fl.gov/wp-content/uploads/library-ada/minutes/2020%20Minutes/Council/2020-05-27%20Council%20Meeting%20Minutes.pdf,,2020-05-27,
326,326,Village Council Meeting Minutes - 2021-02-17,Minutes,2172021 minutes.pdf,https://estero-fl.gov/wp-content/uploads/library-ada/minutes/2021%20Minutes/COUNCIL/2172021%20minutes.pdf,,2021-02-17,
327,327,Village Council Meeting Minutes - 2023-03-15,Minutes,3152023 minutes.pdf,https://estero-fl.gov/wp-content/uploads/library-ada/minutes/2023%20MINUTES/3152023%20minutes.pdf,,2023-03-15,
328,328,Cancelled Meeting Notice - 2016-02-03,Minutes,Cancel 020316 Council Meeting.pdf,https://estero-fl.gov/wp-content/uploads/library-ada/minutes/2016%20Minutes/Council/Cancel%20020316%20Council%20Meeting.pdf,,2016-02-03,
329,329,Cancelled Meeting Notice - 2016-02-17,Minutes,Cancel 021716 Council Meeting.pdf,https://estero-fl.gov/wp-content/uploads/library-ada/minutes/2016%20Minutes/Council/Cancel%20021716%20Council%20Meeting.pdf,,2016-02-17,
330,330,Cancelled Meeting Notice - 2016-04-27,Minutes,Cancel 042716 Council Meeting.pdf,https://estero-fl.gov/wp-content/uploads/library-ada/minutes/2016%20Minutes/Council/Cancel%20042716%20Council%20Meeting.pdf,,2016-04-27,
331,331,Cancelled Meeting Notice - 2016-06-29,Minutes,Cancel 062916 Council Meeting.pdf,https://estero-fl.gov/wp-content/uploads/library-ada/minutes/2016%20Minutes/Council/Cancel%20062916%20Council%20Meeting.pdf,,2016-06-29,
332,332,Cancelled Meeting Notice - 2015-11-04,Minutes,Cancel 110415 Council Meeting.pdf,https://estero-fl.gov/wp-content/uploads/library-ada/minutes/2015%20Minutes/Council/Cancel%20110415%20Council%20Meeting.pdf,,2015-11-04,
333,333,Cancelled Meeting Notice - 2020-04-01,Minutes,Cancel April 1 Council Meeting.pdf,https://estero-fl.gov/wp-content/uploads/library-ada/minutes/2020%20Minutes/Council/Cancel%20April%201%20Council%20Meeting.pdf,,2020-04-01,
334,334,Cancelled Meeting Notice - 2020-04-15,Minutes,Cancel April 15 Council Meeting.pdf,https://estero-fl.gov/wp-content/uploads/library-ada/minutes/2020%20Minutes/Council/Cancel%20April%2015%20Council%20Meeting.pdf,,2020-04-15,
335,335,Cancelled Meeting Notice - 2019-04-17,Minutes,Cancel April 17 Council Meeting.pdf,https://estero-fl.gov/wp-content/uploads/library-ada/minutes/2019%20MINUTES/Council/Cancel%20April%2017%20Council%20Meeting.pdf,,2019-04-17,
336,336,Cancelled Meeting Notice - 2017-07-05,Minutes,Cancel July 5 Council Meeting.pdf,https://estero-fl.gov/wp-content/uploads/library-ada/minutes/2017%20Minutes/Council/Cancel%20July%205%20Council%20Meeting.pdf,,2017-07-05,
337,337,Cancelled Meeting Notice - 2020-05-06,Minutes,Cancel May 6 Council Meeting.pdf,https://estero-fl.gov/wp-content/uploads/library-ada/minutes/2020%20Minutes/Council/Cancel%20May%206%20Council%20Meeting.pdf,,2020-05-06,
338,338,Cancelled Meeting Notice - 2022-10-05,Minutes,Cancel October 5 Council Meeting.pdf,https://estero-fl.gov/wp-content/uploads/library-ada/minutes/2022%20MINUTES/COUNCIL/Cancel%20October%205%20Council%20Meeting.pdf,,2022-10-05,
339,339,PZ&DB Meeting Minutes - 2026-01-13,Minutes,01132026 PZDB Minutes.pdf,https://estero-fl.gov/wp-content/uploads/library-ada/minutes/2026%20Minutes/PZDB/01132026%20PZDB%20Minutes.pdf,,2026-01-13,legacy_csv_only
340,340,PZ&DB Meeting Minutes - 2026-04-14,Minutes,04142026 PZDB Minutes.pdf,https://estero-fl.gov/wp-content/uploads/library-ada/minutes/2026%20Minutes/PZDB/04142026%20PZDB%20Minutes.pdf,,2026-04-14,legacy_csv_only
341,341,PZ&DB Meeting Minutes - 2026-05-12,Minutes,05122026 PZDB Minutes.pdf,https://estero-fl.gov/wp-content/uploads/library-ada/minutes/2026%20Minutes/PZDB/05122026%20PZDB%20Minutes.pdf,,2026-05-12,legacy_csv_only
342,342,PZ&DB Meeting Minutes - 2026-06-09,Minutes,06092026 PZDB Minutes.pdf,https://estero-fl.gov/wp-content/uploads/library-ada/minutes/2026%20Minutes/PZDB/06092026%20PZDB%20Minutes.pdf,,2026-06-09,legacy_csv_only
343,343,PZ&DB Meeting Minutes - 2026-07-14,Minutes,07142026 PZDB Minutes.pdf,https://estero-fl.gov/wp-content/uploads/library-ada/minutes/2026%20Minutes/PZDB/07142026%20PZDB%20Minutes.pdf,,2026-07-14,legacy_csv_only
344,344,PZ&DB Meeting Minutes - 2026-08-11,Minutes,08112026 PZDB Minutes.pdf,https://estero-fl.gov/wp-content/uploads/library-ada/minutes/2026%20Minutes/PZDB/08112026%20PZDB%20Minutes.pdf,,2026-08-11,legacy_csv_only
345,345,PZ&DB Meeting Minutes - 2026-09-08,Minutes,09082026 PZDB Minutes.pdf,https://estero-fl.gov/wp-content/uploads/library-ada/minutes/2026%20Minutes/PZDB/09082026%20PZDB%20Minutes.pdf,,2026-09-08,legacy_csv_only
346,346,PZ&DB Meeting Minutes - 2026-10-13,Minutes,10132026 PZDB Minutes.pdf,https://estero-fl.gov/wp-content/uploads/library-ada/minutes/2026%20Minutes/PZDB/10132026%20PZDB%20Minutes.pdf,,2026-10-13,legacy_csv_only
347,347,PZ&DB Meeting Minutes - 2026-11-10,Minutes,11102026 PZDB Minutes.pdf,https://estero-fl.gov/wp-content/uploads/library-ada/minutes/2026%20Minutes/PZDB/11102026%20PZDB%20Minutes.pdf,,2026-11-10,legacy_csv_only
348,348,PZ&DB Meeting Minutes - 2026-12-08,Minutes,12082026 PZDB Minutes.pdf,https://estero-fl.gov/wp-content/uploads/library-ada/minutes/2026%20Minutes/PZDB/12082026%20PZDB%20Minutes.pdf,,2026-12-08,legacy_csv_only
